<application>
  <component name="CodeInsightSettings">
    <option name="ADD_UNAMBIGIOUS_IMPORTS_ON_THE_FLY" value="true" />
  </component>
  <component name="DeclarativeInlayHintsSettings">
    <option name="enabledOptions">
      <map>
        <entry key="java.annotation.hints#showInferred" value="true" />
      </map>
    </option>
    <option name="providerIdToEnabled">
      <map>
        <entry key="groovy.implicit.null.argument" value="true" />
        <entry key="groovy.lambda.parameter.inlay.provider" value="true" />
        <entry key="groovy.local.variable.implicit.types" value="true" />
        <entry key="java.annotation.hints" value="true" />
        <entry key="java.implicit.lambdaParameter" value="true" />
        <entry key="java.implicit.types" value="false" />
        <entry key="java.method.chains" value="true" />
        <entry key="js.chain.hints" value="true" />
        <entry key="js.type.hints" value="true" />
        <entry key="kotlin.compiler.plugins.modality" value="true" />
        <entry key="kotlin.compiler.plugins.supertypes" value="true" />
        <entry key="kotlin.lambdas.hints" value="false" />
        <entry key="kotlin.method.chains" value="false" />
        <entry key="kotlin.parameters.hints" value="true" />
        <entry key="kotlin.references.types.hints" value="false" />
        <entry key="kotlin.values.hints" value="true" />
        <entry key="open.rewrite.recipe" value="true" />
        <entry key="qodana.yaml.inspection.descriptions" value="true" />
        <entry key="sql.column.names.inlay.hints" value="true" />
        <entry key="sql.join.cardinality.hints" value="true" />
        <entry key="ts.chain.hints" value="true" />
        <entry key="ts.enum.hints" value="true" />
        <entry key="ts.type.hints" value="true" />
      </map>
    </option>
  </component>
  <component name="EditorSettings">
    <option name="USE_SOFT_WRAPS" value="CONSOLE" />
  </component>
  <component name="InlineCompletionOnboarding">
    <option name="onboardingFinished" value="true" />
  </component>
</application>