<application>
  <component name="ProjectJdkTable">
    <jdk version="2">
      <name value="17" />
      <type value="JavaSDK" />
      <version value="Oracle OpenJDK 17" />
      <homePath value="E:/develep/jdk" />
      <roots>
        <annotationsPath>
          <root type="composite" />
        </annotationsPath>
        <classPath>
          <root type="composite" />
        </classPath>
        <javadocPath>
          <root type="composite" />
        </javadocPath>
        <sourcePath>
          <root type="composite" />
        </sourcePath>
      </roots>
    </jdk>
    <jdk version="2">
      <name value="17 (2)" />
      <type value="JavaSDK" />
      <version value="Oracle OpenJDK 17" />
      <homePath value="E:/develep/jdk" />
      <roots>
        <annotationsPath>
          <root type="composite">
            <root url="jar://$APPLICATION_HOME_DIR$/plugins/java/lib/resources/jdkAnnotations.jar!/" type="simple" />
          </root>
        </annotationsPath>
        <classPath>
          <root type="composite">
            <root url="jrt://E:/develep/jdk!/java.base" type="simple" />
            <root url="jrt://E:/develep/jdk!/java.compiler" type="simple" />
            <root url="jrt://E:/develep/jdk!/java.datatransfer" type="simple" />
            <root url="jrt://E:/develep/jdk!/java.desktop" type="simple" />
            <root url="jrt://E:/develep/jdk!/java.instrument" type="simple" />
            <root url="jrt://E:/develep/jdk!/java.logging" type="simple" />
            <root url="jrt://E:/develep/jdk!/java.management" type="simple" />
            <root url="jrt://E:/develep/jdk!/java.management.rmi" type="simple" />
            <root url="jrt://E:/develep/jdk!/java.naming" type="simple" />
            <root url="jrt://E:/develep/jdk!/java.net.http" type="simple" />
            <root url="jrt://E:/develep/jdk!/java.prefs" type="simple" />
            <root url="jrt://E:/develep/jdk!/java.rmi" type="simple" />
            <root url="jrt://E:/develep/jdk!/java.scripting" type="simple" />
            <root url="jrt://E:/develep/jdk!/java.se" type="simple" />
            <root url="jrt://E:/develep/jdk!/java.security.jgss" type="simple" />
            <root url="jrt://E:/develep/jdk!/java.security.sasl" type="simple" />
            <root url="jrt://E:/develep/jdk!/java.smartcardio" type="simple" />
            <root url="jrt://E:/develep/jdk!/java.sql" type="simple" />
            <root url="jrt://E:/develep/jdk!/java.sql.rowset" type="simple" />
            <root url="jrt://E:/develep/jdk!/java.transaction.xa" type="simple" />
            <root url="jrt://E:/develep/jdk!/java.xml" type="simple" />
            <root url="jrt://E:/develep/jdk!/java.xml.crypto" type="simple" />
            <root url="jrt://E:/develep/jdk!/jdk.accessibility" type="simple" />
            <root url="jrt://E:/develep/jdk!/jdk.attach" type="simple" />
            <root url="jrt://E:/develep/jdk!/jdk.charsets" type="simple" />
            <root url="jrt://E:/develep/jdk!/jdk.compiler" type="simple" />
            <root url="jrt://E:/develep/jdk!/jdk.crypto.cryptoki" type="simple" />
            <root url="jrt://E:/develep/jdk!/jdk.crypto.ec" type="simple" />
            <root url="jrt://E:/develep/jdk!/jdk.crypto.mscapi" type="simple" />
            <root url="jrt://E:/develep/jdk!/jdk.dynalink" type="simple" />
            <root url="jrt://E:/develep/jdk!/jdk.editpad" type="simple" />
            <root url="jrt://E:/develep/jdk!/jdk.hotspot.agent" type="simple" />
            <root url="jrt://E:/develep/jdk!/jdk.httpserver" type="simple" />
            <root url="jrt://E:/develep/jdk!/jdk.incubator.foreign" type="simple" />
            <root url="jrt://E:/develep/jdk!/jdk.incubator.vector" type="simple" />
            <root url="jrt://E:/develep/jdk!/jdk.internal.ed" type="simple" />
            <root url="jrt://E:/develep/jdk!/jdk.internal.jvmstat" type="simple" />
            <root url="jrt://E:/develep/jdk!/jdk.internal.le" type="simple" />
            <root url="jrt://E:/develep/jdk!/jdk.internal.opt" type="simple" />
            <root url="jrt://E:/develep/jdk!/jdk.internal.vm.ci" type="simple" />
            <root url="jrt://E:/develep/jdk!/jdk.internal.vm.compiler" type="simple" />
            <root url="jrt://E:/develep/jdk!/jdk.internal.vm.compiler.management" type="simple" />
            <root url="jrt://E:/develep/jdk!/jdk.jartool" type="simple" />
            <root url="jrt://E:/develep/jdk!/jdk.javadoc" type="simple" />
            <root url="jrt://E:/develep/jdk!/jdk.jcmd" type="simple" />
            <root url="jrt://E:/develep/jdk!/jdk.jconsole" type="simple" />
            <root url="jrt://E:/develep/jdk!/jdk.jdeps" type="simple" />
            <root url="jrt://E:/develep/jdk!/jdk.jdi" type="simple" />
            <root url="jrt://E:/develep/jdk!/jdk.jdwp.agent" type="simple" />
            <root url="jrt://E:/develep/jdk!/jdk.jfr" type="simple" />
            <root url="jrt://E:/develep/jdk!/jdk.jlink" type="simple" />
            <root url="jrt://E:/develep/jdk!/jdk.jpackage" type="simple" />
            <root url="jrt://E:/develep/jdk!/jdk.jshell" type="simple" />
            <root url="jrt://E:/develep/jdk!/jdk.jsobject" type="simple" />
            <root url="jrt://E:/develep/jdk!/jdk.jstatd" type="simple" />
            <root url="jrt://E:/develep/jdk!/jdk.localedata" type="simple" />
            <root url="jrt://E:/develep/jdk!/jdk.management" type="simple" />
            <root url="jrt://E:/develep/jdk!/jdk.management.agent" type="simple" />
            <root url="jrt://E:/develep/jdk!/jdk.management.jfr" type="simple" />
            <root url="jrt://E:/develep/jdk!/jdk.naming.dns" type="simple" />
            <root url="jrt://E:/develep/jdk!/jdk.naming.rmi" type="simple" />
            <root url="jrt://E:/develep/jdk!/jdk.net" type="simple" />
            <root url="jrt://E:/develep/jdk!/jdk.nio.mapmode" type="simple" />
            <root url="jrt://E:/develep/jdk!/jdk.random" type="simple" />
            <root url="jrt://E:/develep/jdk!/jdk.sctp" type="simple" />
            <root url="jrt://E:/develep/jdk!/jdk.security.auth" type="simple" />
            <root url="jrt://E:/develep/jdk!/jdk.security.jgss" type="simple" />
            <root url="jrt://E:/develep/jdk!/jdk.unsupported" type="simple" />
            <root url="jrt://E:/develep/jdk!/jdk.unsupported.desktop" type="simple" />
            <root url="jrt://E:/develep/jdk!/jdk.xml.dom" type="simple" />
            <root url="jrt://E:/develep/jdk!/jdk.zipfs" type="simple" />
          </root>
        </classPath>
        <javadocPath>
          <root type="composite" />
        </javadocPath>
        <sourcePath>
          <root type="composite">
            <root url="jar://E:/develep/jdk/lib/src.zip!/java.se" type="simple" />
            <root url="jar://E:/develep/jdk/lib/src.zip!/jdk.jdi" type="simple" />
            <root url="jar://E:/develep/jdk/lib/src.zip!/jdk.jfr" type="simple" />
            <root url="jar://E:/develep/jdk/lib/src.zip!/jdk.net" type="simple" />
            <root url="jar://E:/develep/jdk/lib/src.zip!/java.rmi" type="simple" />
            <root url="jar://E:/develep/jdk/lib/src.zip!/java.sql" type="simple" />
            <root url="jar://E:/develep/jdk/lib/src.zip!/java.xml" type="simple" />
            <root url="jar://E:/develep/jdk/lib/src.zip!/jdk.jcmd" type="simple" />
            <root url="jar://E:/develep/jdk/lib/src.zip!/jdk.sctp" type="simple" />
            <root url="jar://E:/develep/jdk/lib/src.zip!/java.base" type="simple" />
            <root url="jar://E:/develep/jdk/lib/src.zip!/jdk.jdeps" type="simple" />
            <root url="jar://E:/develep/jdk/lib/src.zip!/jdk.jlink" type="simple" />
            <root url="jar://E:/develep/jdk/lib/src.zip!/jdk.zipfs" type="simple" />
            <root url="jar://E:/develep/jdk/lib/src.zip!/java.prefs" type="simple" />
            <root url="jar://E:/develep/jdk/lib/src.zip!/jdk.attach" type="simple" />
            <root url="jar://E:/develep/jdk/lib/src.zip!/jdk.jshell" type="simple" />
            <root url="jar://E:/develep/jdk/lib/src.zip!/jdk.jstatd" type="simple" />
            <root url="jar://E:/develep/jdk/lib/src.zip!/jdk.random" type="simple" />
            <root url="jar://E:/develep/jdk/lib/src.zip!/java.naming" type="simple" />
            <root url="jar://E:/develep/jdk/lib/src.zip!/jdk.editpad" type="simple" />
            <root url="jar://E:/develep/jdk/lib/src.zip!/jdk.jartool" type="simple" />
            <root url="jar://E:/develep/jdk/lib/src.zip!/jdk.javadoc" type="simple" />
            <root url="jar://E:/develep/jdk/lib/src.zip!/jdk.xml.dom" type="simple" />
            <root url="jar://E:/develep/jdk/lib/src.zip!/java.desktop" type="simple" />
            <root url="jar://E:/develep/jdk/lib/src.zip!/java.logging" type="simple" />
            <root url="jar://E:/develep/jdk/lib/src.zip!/jdk.charsets" type="simple" />
            <root url="jar://E:/develep/jdk/lib/src.zip!/jdk.compiler" type="simple" />
            <root url="jar://E:/develep/jdk/lib/src.zip!/jdk.dynalink" type="simple" />
            <root url="jar://E:/develep/jdk/lib/src.zip!/jdk.jconsole" type="simple" />
            <root url="jar://E:/develep/jdk/lib/src.zip!/jdk.jpackage" type="simple" />
            <root url="jar://E:/develep/jdk/lib/src.zip!/jdk.jsobject" type="simple" />
            <root url="jar://E:/develep/jdk/lib/src.zip!/java.compiler" type="simple" />
            <root url="jar://E:/develep/jdk/lib/src.zip!/java.net.http" type="simple" />
            <root url="jar://E:/develep/jdk/lib/src.zip!/jdk.crypto.ec" type="simple" />
            <root url="jar://E:/develep/jdk/lib/src.zip!/java.scripting" type="simple" />
            <root url="jar://E:/develep/jdk/lib/src.zip!/jdk.httpserver" type="simple" />
            <root url="jar://E:/develep/jdk/lib/src.zip!/jdk.jdwp.agent" type="simple" />
            <root url="jar://E:/develep/jdk/lib/src.zip!/jdk.localedata" type="simple" />
            <root url="jar://E:/develep/jdk/lib/src.zip!/jdk.management" type="simple" />
            <root url="jar://E:/develep/jdk/lib/src.zip!/jdk.naming.dns" type="simple" />
            <root url="jar://E:/develep/jdk/lib/src.zip!/jdk.naming.rmi" type="simple" />
            <root url="jar://E:/develep/jdk/lib/src.zip!/java.instrument" type="simple" />
            <root url="jar://E:/develep/jdk/lib/src.zip!/java.management" type="simple" />
            <root url="jar://E:/develep/jdk/lib/src.zip!/java.sql.rowset" type="simple" />
            <root url="jar://E:/develep/jdk/lib/src.zip!/java.xml.crypto" type="simple" />
            <root url="jar://E:/develep/jdk/lib/src.zip!/jdk.internal.ed" type="simple" />
            <root url="jar://E:/develep/jdk/lib/src.zip!/jdk.internal.le" type="simple" />
            <root url="jar://E:/develep/jdk/lib/src.zip!/jdk.nio.mapmode" type="simple" />
            <root url="jar://E:/develep/jdk/lib/src.zip!/jdk.unsupported" type="simple" />
            <root url="jar://E:/develep/jdk/lib/src.zip!/java.smartcardio" type="simple" />
            <root url="jar://E:/develep/jdk/lib/src.zip!/jdk.internal.opt" type="simple" />
            <root url="jar://E:/develep/jdk/lib/src.zip!/java.datatransfer" type="simple" />
            <root url="jar://E:/develep/jdk/lib/src.zip!/jdk.accessibility" type="simple" />
            <root url="jar://E:/develep/jdk/lib/src.zip!/jdk.crypto.mscapi" type="simple" />
            <root url="jar://E:/develep/jdk/lib/src.zip!/jdk.hotspot.agent" type="simple" />
            <root url="jar://E:/develep/jdk/lib/src.zip!/jdk.security.auth" type="simple" />
            <root url="jar://E:/develep/jdk/lib/src.zip!/jdk.security.jgss" type="simple" />
            <root url="jar://E:/develep/jdk/lib/src.zip!/java.security.jgss" type="simple" />
            <root url="jar://E:/develep/jdk/lib/src.zip!/java.security.sasl" type="simple" />
            <root url="jar://E:/develep/jdk/lib/src.zip!/jdk.internal.vm.ci" type="simple" />
            <root url="jar://E:/develep/jdk/lib/src.zip!/jdk.management.jfr" type="simple" />
            <root url="jar://E:/develep/jdk/lib/src.zip!/java.management.rmi" type="simple" />
            <root url="jar://E:/develep/jdk/lib/src.zip!/java.transaction.xa" type="simple" />
            <root url="jar://E:/develep/jdk/lib/src.zip!/jdk.crypto.cryptoki" type="simple" />
            <root url="jar://E:/develep/jdk/lib/src.zip!/jdk.incubator.vector" type="simple" />
            <root url="jar://E:/develep/jdk/lib/src.zip!/jdk.internal.jvmstat" type="simple" />
            <root url="jar://E:/develep/jdk/lib/src.zip!/jdk.management.agent" type="simple" />
            <root url="jar://E:/develep/jdk/lib/src.zip!/jdk.incubator.foreign" type="simple" />
            <root url="jar://E:/develep/jdk/lib/src.zip!/jdk.unsupported.desktop" type="simple" />
            <root url="jar://E:/develep/jdk/lib/src.zip!/jdk.internal.vm.compiler" type="simple" />
            <root url="jar://E:/develep/jdk/lib/src.zip!/jdk.internal.vm.compiler.management" type="simple" />
          </root>
        </sourcePath>
      </roots>
    </jdk>
    <jdk version="2">
      <name value="17 (3)" />
      <type value="JavaSDK" />
      <version value="Oracle OpenJDK 17" />
      <homePath value="E:/develep/jdk" />
      <roots>
        <annotationsPath>
          <root type="composite">
            <root url="jar://$APPLICATION_HOME_DIR$/plugins/java/lib/resources/jdkAnnotations.jar!/" type="simple" />
          </root>
        </annotationsPath>
        <classPath>
          <root type="composite">
            <root url="jrt://E:/develep/jdk!/java.base" type="simple" />
            <root url="jrt://E:/develep/jdk!/java.compiler" type="simple" />
            <root url="jrt://E:/develep/jdk!/java.datatransfer" type="simple" />
            <root url="jrt://E:/develep/jdk!/java.desktop" type="simple" />
            <root url="jrt://E:/develep/jdk!/java.instrument" type="simple" />
            <root url="jrt://E:/develep/jdk!/java.logging" type="simple" />
            <root url="jrt://E:/develep/jdk!/java.management" type="simple" />
            <root url="jrt://E:/develep/jdk!/java.management.rmi" type="simple" />
            <root url="jrt://E:/develep/jdk!/java.naming" type="simple" />
            <root url="jrt://E:/develep/jdk!/java.net.http" type="simple" />
            <root url="jrt://E:/develep/jdk!/java.prefs" type="simple" />
            <root url="jrt://E:/develep/jdk!/java.rmi" type="simple" />
            <root url="jrt://E:/develep/jdk!/java.scripting" type="simple" />
            <root url="jrt://E:/develep/jdk!/java.se" type="simple" />
            <root url="jrt://E:/develep/jdk!/java.security.jgss" type="simple" />
            <root url="jrt://E:/develep/jdk!/java.security.sasl" type="simple" />
            <root url="jrt://E:/develep/jdk!/java.smartcardio" type="simple" />
            <root url="jrt://E:/develep/jdk!/java.sql" type="simple" />
            <root url="jrt://E:/develep/jdk!/java.sql.rowset" type="simple" />
            <root url="jrt://E:/develep/jdk!/java.transaction.xa" type="simple" />
            <root url="jrt://E:/develep/jdk!/java.xml" type="simple" />
            <root url="jrt://E:/develep/jdk!/java.xml.crypto" type="simple" />
            <root url="jrt://E:/develep/jdk!/jdk.accessibility" type="simple" />
            <root url="jrt://E:/develep/jdk!/jdk.attach" type="simple" />
            <root url="jrt://E:/develep/jdk!/jdk.charsets" type="simple" />
            <root url="jrt://E:/develep/jdk!/jdk.compiler" type="simple" />
            <root url="jrt://E:/develep/jdk!/jdk.crypto.cryptoki" type="simple" />
            <root url="jrt://E:/develep/jdk!/jdk.crypto.ec" type="simple" />
            <root url="jrt://E:/develep/jdk!/jdk.crypto.mscapi" type="simple" />
            <root url="jrt://E:/develep/jdk!/jdk.dynalink" type="simple" />
            <root url="jrt://E:/develep/jdk!/jdk.editpad" type="simple" />
            <root url="jrt://E:/develep/jdk!/jdk.hotspot.agent" type="simple" />
            <root url="jrt://E:/develep/jdk!/jdk.httpserver" type="simple" />
            <root url="jrt://E:/develep/jdk!/jdk.incubator.foreign" type="simple" />
            <root url="jrt://E:/develep/jdk!/jdk.incubator.vector" type="simple" />
            <root url="jrt://E:/develep/jdk!/jdk.internal.ed" type="simple" />
            <root url="jrt://E:/develep/jdk!/jdk.internal.jvmstat" type="simple" />
            <root url="jrt://E:/develep/jdk!/jdk.internal.le" type="simple" />
            <root url="jrt://E:/develep/jdk!/jdk.internal.opt" type="simple" />
            <root url="jrt://E:/develep/jdk!/jdk.internal.vm.ci" type="simple" />
            <root url="jrt://E:/develep/jdk!/jdk.internal.vm.compiler" type="simple" />
            <root url="jrt://E:/develep/jdk!/jdk.internal.vm.compiler.management" type="simple" />
            <root url="jrt://E:/develep/jdk!/jdk.jartool" type="simple" />
            <root url="jrt://E:/develep/jdk!/jdk.javadoc" type="simple" />
            <root url="jrt://E:/develep/jdk!/jdk.jcmd" type="simple" />
            <root url="jrt://E:/develep/jdk!/jdk.jconsole" type="simple" />
            <root url="jrt://E:/develep/jdk!/jdk.jdeps" type="simple" />
            <root url="jrt://E:/develep/jdk!/jdk.jdi" type="simple" />
            <root url="jrt://E:/develep/jdk!/jdk.jdwp.agent" type="simple" />
            <root url="jrt://E:/develep/jdk!/jdk.jfr" type="simple" />
            <root url="jrt://E:/develep/jdk!/jdk.jlink" type="simple" />
            <root url="jrt://E:/develep/jdk!/jdk.jpackage" type="simple" />
            <root url="jrt://E:/develep/jdk!/jdk.jshell" type="simple" />
            <root url="jrt://E:/develep/jdk!/jdk.jsobject" type="simple" />
            <root url="jrt://E:/develep/jdk!/jdk.jstatd" type="simple" />
            <root url="jrt://E:/develep/jdk!/jdk.localedata" type="simple" />
            <root url="jrt://E:/develep/jdk!/jdk.management" type="simple" />
            <root url="jrt://E:/develep/jdk!/jdk.management.agent" type="simple" />
            <root url="jrt://E:/develep/jdk!/jdk.management.jfr" type="simple" />
            <root url="jrt://E:/develep/jdk!/jdk.naming.dns" type="simple" />
            <root url="jrt://E:/develep/jdk!/jdk.naming.rmi" type="simple" />
            <root url="jrt://E:/develep/jdk!/jdk.net" type="simple" />
            <root url="jrt://E:/develep/jdk!/jdk.nio.mapmode" type="simple" />
            <root url="jrt://E:/develep/jdk!/jdk.random" type="simple" />
            <root url="jrt://E:/develep/jdk!/jdk.sctp" type="simple" />
            <root url="jrt://E:/develep/jdk!/jdk.security.auth" type="simple" />
            <root url="jrt://E:/develep/jdk!/jdk.security.jgss" type="simple" />
            <root url="jrt://E:/develep/jdk!/jdk.unsupported" type="simple" />
            <root url="jrt://E:/develep/jdk!/jdk.unsupported.desktop" type="simple" />
            <root url="jrt://E:/develep/jdk!/jdk.xml.dom" type="simple" />
            <root url="jrt://E:/develep/jdk!/jdk.zipfs" type="simple" />
          </root>
        </classPath>
        <javadocPath>
          <root type="composite" />
        </javadocPath>
        <sourcePath>
          <root type="composite">
            <root url="jar://E:/develep/jdk/lib/src.zip!/java.se" type="simple" />
            <root url="jar://E:/develep/jdk/lib/src.zip!/jdk.jdi" type="simple" />
            <root url="jar://E:/develep/jdk/lib/src.zip!/jdk.jfr" type="simple" />
            <root url="jar://E:/develep/jdk/lib/src.zip!/jdk.net" type="simple" />
            <root url="jar://E:/develep/jdk/lib/src.zip!/java.rmi" type="simple" />
            <root url="jar://E:/develep/jdk/lib/src.zip!/java.sql" type="simple" />
            <root url="jar://E:/develep/jdk/lib/src.zip!/java.xml" type="simple" />
            <root url="jar://E:/develep/jdk/lib/src.zip!/jdk.jcmd" type="simple" />
            <root url="jar://E:/develep/jdk/lib/src.zip!/jdk.sctp" type="simple" />
            <root url="jar://E:/develep/jdk/lib/src.zip!/java.base" type="simple" />
            <root url="jar://E:/develep/jdk/lib/src.zip!/jdk.jdeps" type="simple" />
            <root url="jar://E:/develep/jdk/lib/src.zip!/jdk.jlink" type="simple" />
            <root url="jar://E:/develep/jdk/lib/src.zip!/jdk.zipfs" type="simple" />
            <root url="jar://E:/develep/jdk/lib/src.zip!/java.prefs" type="simple" />
            <root url="jar://E:/develep/jdk/lib/src.zip!/jdk.attach" type="simple" />
            <root url="jar://E:/develep/jdk/lib/src.zip!/jdk.jshell" type="simple" />
            <root url="jar://E:/develep/jdk/lib/src.zip!/jdk.jstatd" type="simple" />
            <root url="jar://E:/develep/jdk/lib/src.zip!/jdk.random" type="simple" />
            <root url="jar://E:/develep/jdk/lib/src.zip!/java.naming" type="simple" />
            <root url="jar://E:/develep/jdk/lib/src.zip!/jdk.editpad" type="simple" />
            <root url="jar://E:/develep/jdk/lib/src.zip!/jdk.jartool" type="simple" />
            <root url="jar://E:/develep/jdk/lib/src.zip!/jdk.javadoc" type="simple" />
            <root url="jar://E:/develep/jdk/lib/src.zip!/jdk.xml.dom" type="simple" />
            <root url="jar://E:/develep/jdk/lib/src.zip!/java.desktop" type="simple" />
            <root url="jar://E:/develep/jdk/lib/src.zip!/java.logging" type="simple" />
            <root url="jar://E:/develep/jdk/lib/src.zip!/jdk.charsets" type="simple" />
            <root url="jar://E:/develep/jdk/lib/src.zip!/jdk.compiler" type="simple" />
            <root url="jar://E:/develep/jdk/lib/src.zip!/jdk.dynalink" type="simple" />
            <root url="jar://E:/develep/jdk/lib/src.zip!/jdk.jconsole" type="simple" />
            <root url="jar://E:/develep/jdk/lib/src.zip!/jdk.jpackage" type="simple" />
            <root url="jar://E:/develep/jdk/lib/src.zip!/jdk.jsobject" type="simple" />
            <root url="jar://E:/develep/jdk/lib/src.zip!/java.compiler" type="simple" />
            <root url="jar://E:/develep/jdk/lib/src.zip!/java.net.http" type="simple" />
            <root url="jar://E:/develep/jdk/lib/src.zip!/jdk.crypto.ec" type="simple" />
            <root url="jar://E:/develep/jdk/lib/src.zip!/java.scripting" type="simple" />
            <root url="jar://E:/develep/jdk/lib/src.zip!/jdk.httpserver" type="simple" />
            <root url="jar://E:/develep/jdk/lib/src.zip!/jdk.jdwp.agent" type="simple" />
            <root url="jar://E:/develep/jdk/lib/src.zip!/jdk.localedata" type="simple" />
            <root url="jar://E:/develep/jdk/lib/src.zip!/jdk.management" type="simple" />
            <root url="jar://E:/develep/jdk/lib/src.zip!/jdk.naming.dns" type="simple" />
            <root url="jar://E:/develep/jdk/lib/src.zip!/jdk.naming.rmi" type="simple" />
            <root url="jar://E:/develep/jdk/lib/src.zip!/java.instrument" type="simple" />
            <root url="jar://E:/develep/jdk/lib/src.zip!/java.management" type="simple" />
            <root url="jar://E:/develep/jdk/lib/src.zip!/java.sql.rowset" type="simple" />
            <root url="jar://E:/develep/jdk/lib/src.zip!/java.xml.crypto" type="simple" />
            <root url="jar://E:/develep/jdk/lib/src.zip!/jdk.internal.ed" type="simple" />
            <root url="jar://E:/develep/jdk/lib/src.zip!/jdk.internal.le" type="simple" />
            <root url="jar://E:/develep/jdk/lib/src.zip!/jdk.nio.mapmode" type="simple" />
            <root url="jar://E:/develep/jdk/lib/src.zip!/jdk.unsupported" type="simple" />
            <root url="jar://E:/develep/jdk/lib/src.zip!/java.smartcardio" type="simple" />
            <root url="jar://E:/develep/jdk/lib/src.zip!/jdk.internal.opt" type="simple" />
            <root url="jar://E:/develep/jdk/lib/src.zip!/java.datatransfer" type="simple" />
            <root url="jar://E:/develep/jdk/lib/src.zip!/jdk.accessibility" type="simple" />
            <root url="jar://E:/develep/jdk/lib/src.zip!/jdk.crypto.mscapi" type="simple" />
            <root url="jar://E:/develep/jdk/lib/src.zip!/jdk.hotspot.agent" type="simple" />
            <root url="jar://E:/develep/jdk/lib/src.zip!/jdk.security.auth" type="simple" />
            <root url="jar://E:/develep/jdk/lib/src.zip!/jdk.security.jgss" type="simple" />
            <root url="jar://E:/develep/jdk/lib/src.zip!/java.security.jgss" type="simple" />
            <root url="jar://E:/develep/jdk/lib/src.zip!/java.security.sasl" type="simple" />
            <root url="jar://E:/develep/jdk/lib/src.zip!/jdk.internal.vm.ci" type="simple" />
            <root url="jar://E:/develep/jdk/lib/src.zip!/jdk.management.jfr" type="simple" />
            <root url="jar://E:/develep/jdk/lib/src.zip!/java.management.rmi" type="simple" />
            <root url="jar://E:/develep/jdk/lib/src.zip!/java.transaction.xa" type="simple" />
            <root url="jar://E:/develep/jdk/lib/src.zip!/jdk.crypto.cryptoki" type="simple" />
            <root url="jar://E:/develep/jdk/lib/src.zip!/jdk.incubator.vector" type="simple" />
            <root url="jar://E:/develep/jdk/lib/src.zip!/jdk.internal.jvmstat" type="simple" />
            <root url="jar://E:/develep/jdk/lib/src.zip!/jdk.management.agent" type="simple" />
            <root url="jar://E:/develep/jdk/lib/src.zip!/jdk.incubator.foreign" type="simple" />
            <root url="jar://E:/develep/jdk/lib/src.zip!/jdk.unsupported.desktop" type="simple" />
            <root url="jar://E:/develep/jdk/lib/src.zip!/jdk.internal.vm.compiler" type="simple" />
            <root url="jar://E:/develep/jdk/lib/src.zip!/jdk.internal.vm.compiler.management" type="simple" />
          </root>
        </sourcePath>
      </roots>
    </jdk>
    <jdk version="2">
      <name value="corretto-1.8" />
      <type value="JavaSDK" />
      <version value="Amazon Corretto 1.8.0_462" />
      <homePath value="E:/develep/jdk1.8" />
      <roots>
        <annotationsPath>
          <root type="composite">
            <root url="jar://$APPLICATION_HOME_DIR$/plugins/java/lib/resources/jdkAnnotations.jar!/" type="simple" />
          </root>
        </annotationsPath>
        <classPath>
          <root type="composite">
            <root url="jar://E:/develep/jdk1.8/jre/lib/charsets.jar!/" type="simple" />
            <root url="jar://E:/develep/jdk1.8/jre/lib/ext/access-bridge-64.jar!/" type="simple" />
            <root url="jar://E:/develep/jdk1.8/jre/lib/ext/cldrdata.jar!/" type="simple" />
            <root url="jar://E:/develep/jdk1.8/jre/lib/ext/dnsns.jar!/" type="simple" />
            <root url="jar://E:/develep/jdk1.8/jre/lib/ext/jaccess.jar!/" type="simple" />
            <root url="jar://E:/develep/jdk1.8/jre/lib/ext/jfxrt.jar!/" type="simple" />
            <root url="jar://E:/develep/jdk1.8/jre/lib/ext/localedata.jar!/" type="simple" />
            <root url="jar://E:/develep/jdk1.8/jre/lib/ext/nashorn.jar!/" type="simple" />
            <root url="jar://E:/develep/jdk1.8/jre/lib/ext/sunec.jar!/" type="simple" />
            <root url="jar://E:/develep/jdk1.8/jre/lib/ext/sunjce_provider.jar!/" type="simple" />
            <root url="jar://E:/develep/jdk1.8/jre/lib/ext/sunmscapi.jar!/" type="simple" />
            <root url="jar://E:/develep/jdk1.8/jre/lib/ext/sunpkcs11.jar!/" type="simple" />
            <root url="jar://E:/develep/jdk1.8/jre/lib/ext/zipfs.jar!/" type="simple" />
            <root url="jar://E:/develep/jdk1.8/jre/lib/jce.jar!/" type="simple" />
            <root url="jar://E:/develep/jdk1.8/jre/lib/jfr.jar!/" type="simple" />
            <root url="jar://E:/develep/jdk1.8/jre/lib/jfxswt.jar!/" type="simple" />
            <root url="jar://E:/develep/jdk1.8/jre/lib/jsse.jar!/" type="simple" />
            <root url="jar://E:/develep/jdk1.8/jre/lib/management-agent.jar!/" type="simple" />
            <root url="jar://E:/develep/jdk1.8/jre/lib/resources.jar!/" type="simple" />
            <root url="jar://E:/develep/jdk1.8/jre/lib/rt.jar!/" type="simple" />
          </root>
        </classPath>
        <javadocPath>
          <root type="composite" />
        </javadocPath>
        <sourcePath>
          <root type="composite">
            <root url="jar://E:/develep/jdk1.8/src.zip!/" type="simple" />
            <root url="jar://E:/develep/jdk1.8/javafx-src.zip!/" type="simple" />
          </root>
        </sourcePath>
      </roots>
    </jdk>
    <jdk version="2">
      <name value="corretto-1.8 (2)" />
      <type value="JavaSDK" />
      <version value="Amazon Corretto 1.8.0_462" />
      <homePath value="E:/develep/jdk1.8" />
      <roots>
        <annotationsPath>
          <root type="composite">
            <root url="jar://$APPLICATION_HOME_DIR$/plugins/java/lib/resources/jdkAnnotations.jar!/" type="simple" />
          </root>
        </annotationsPath>
        <classPath>
          <root type="composite">
            <root url="jar://E:/develep/jdk1.8/jre/lib/charsets.jar!/" type="simple" />
            <root url="jar://E:/develep/jdk1.8/jre/lib/ext/access-bridge-64.jar!/" type="simple" />
            <root url="jar://E:/develep/jdk1.8/jre/lib/ext/cldrdata.jar!/" type="simple" />
            <root url="jar://E:/develep/jdk1.8/jre/lib/ext/dnsns.jar!/" type="simple" />
            <root url="jar://E:/develep/jdk1.8/jre/lib/ext/jaccess.jar!/" type="simple" />
            <root url="jar://E:/develep/jdk1.8/jre/lib/ext/jfxrt.jar!/" type="simple" />
            <root url="jar://E:/develep/jdk1.8/jre/lib/ext/localedata.jar!/" type="simple" />
            <root url="jar://E:/develep/jdk1.8/jre/lib/ext/nashorn.jar!/" type="simple" />
            <root url="jar://E:/develep/jdk1.8/jre/lib/ext/sunec.jar!/" type="simple" />
            <root url="jar://E:/develep/jdk1.8/jre/lib/ext/sunjce_provider.jar!/" type="simple" />
            <root url="jar://E:/develep/jdk1.8/jre/lib/ext/sunmscapi.jar!/" type="simple" />
            <root url="jar://E:/develep/jdk1.8/jre/lib/ext/sunpkcs11.jar!/" type="simple" />
            <root url="jar://E:/develep/jdk1.8/jre/lib/ext/zipfs.jar!/" type="simple" />
            <root url="jar://E:/develep/jdk1.8/jre/lib/jce.jar!/" type="simple" />
            <root url="jar://E:/develep/jdk1.8/jre/lib/jfr.jar!/" type="simple" />
            <root url="jar://E:/develep/jdk1.8/jre/lib/jfxswt.jar!/" type="simple" />
            <root url="jar://E:/develep/jdk1.8/jre/lib/jsse.jar!/" type="simple" />
            <root url="jar://E:/develep/jdk1.8/jre/lib/management-agent.jar!/" type="simple" />
            <root url="jar://E:/develep/jdk1.8/jre/lib/resources.jar!/" type="simple" />
            <root url="jar://E:/develep/jdk1.8/jre/lib/rt.jar!/" type="simple" />
          </root>
        </classPath>
        <javadocPath>
          <root type="composite" />
        </javadocPath>
        <sourcePath>
          <root type="composite">
            <root url="jar://E:/develep/jdk1.8/src.zip!/" type="simple" />
            <root url="jar://E:/develep/jdk1.8/javafx-src.zip!/" type="simple" />
          </root>
        </sourcePath>
      </roots>
    </jdk>
    <jdk version="2">
      <name value="ms-11" />
      <type value="JavaSDK" />
      <version value="Microsoft OpenJDK 11.0.28" />
      <homePath value="$USER_HOME$/.jdks/ms-11.0.28" />
      <roots>
        <annotationsPath>
          <root type="composite">
            <root url="jar://$APPLICATION_HOME_DIR$/plugins/java/lib/resources/jdkAnnotations.jar!/" type="simple" />
          </root>
        </annotationsPath>
        <classPath>
          <root type="composite">
            <root url="jrt://$USER_HOME$/.jdks/ms-11.0.28!/java.base" type="simple" />
            <root url="jrt://$USER_HOME$/.jdks/ms-11.0.28!/java.compiler" type="simple" />
            <root url="jrt://$USER_HOME$/.jdks/ms-11.0.28!/java.datatransfer" type="simple" />
            <root url="jrt://$USER_HOME$/.jdks/ms-11.0.28!/java.desktop" type="simple" />
            <root url="jrt://$USER_HOME$/.jdks/ms-11.0.28!/java.instrument" type="simple" />
            <root url="jrt://$USER_HOME$/.jdks/ms-11.0.28!/java.logging" type="simple" />
            <root url="jrt://$USER_HOME$/.jdks/ms-11.0.28!/java.management" type="simple" />
            <root url="jrt://$USER_HOME$/.jdks/ms-11.0.28!/java.management.rmi" type="simple" />
            <root url="jrt://$USER_HOME$/.jdks/ms-11.0.28!/java.naming" type="simple" />
            <root url="jrt://$USER_HOME$/.jdks/ms-11.0.28!/java.net.http" type="simple" />
            <root url="jrt://$USER_HOME$/.jdks/ms-11.0.28!/java.prefs" type="simple" />
            <root url="jrt://$USER_HOME$/.jdks/ms-11.0.28!/java.rmi" type="simple" />
            <root url="jrt://$USER_HOME$/.jdks/ms-11.0.28!/java.scripting" type="simple" />
            <root url="jrt://$USER_HOME$/.jdks/ms-11.0.28!/java.se" type="simple" />
            <root url="jrt://$USER_HOME$/.jdks/ms-11.0.28!/java.security.jgss" type="simple" />
            <root url="jrt://$USER_HOME$/.jdks/ms-11.0.28!/java.security.sasl" type="simple" />
            <root url="jrt://$USER_HOME$/.jdks/ms-11.0.28!/java.smartcardio" type="simple" />
            <root url="jrt://$USER_HOME$/.jdks/ms-11.0.28!/java.sql" type="simple" />
            <root url="jrt://$USER_HOME$/.jdks/ms-11.0.28!/java.sql.rowset" type="simple" />
            <root url="jrt://$USER_HOME$/.jdks/ms-11.0.28!/java.transaction.xa" type="simple" />
            <root url="jrt://$USER_HOME$/.jdks/ms-11.0.28!/java.xml" type="simple" />
            <root url="jrt://$USER_HOME$/.jdks/ms-11.0.28!/java.xml.crypto" type="simple" />
            <root url="jrt://$USER_HOME$/.jdks/ms-11.0.28!/jdk.accessibility" type="simple" />
            <root url="jrt://$USER_HOME$/.jdks/ms-11.0.28!/jdk.aot" type="simple" />
            <root url="jrt://$USER_HOME$/.jdks/ms-11.0.28!/jdk.attach" type="simple" />
            <root url="jrt://$USER_HOME$/.jdks/ms-11.0.28!/jdk.charsets" type="simple" />
            <root url="jrt://$USER_HOME$/.jdks/ms-11.0.28!/jdk.compiler" type="simple" />
            <root url="jrt://$USER_HOME$/.jdks/ms-11.0.28!/jdk.crypto.cryptoki" type="simple" />
            <root url="jrt://$USER_HOME$/.jdks/ms-11.0.28!/jdk.crypto.ec" type="simple" />
            <root url="jrt://$USER_HOME$/.jdks/ms-11.0.28!/jdk.crypto.mscapi" type="simple" />
            <root url="jrt://$USER_HOME$/.jdks/ms-11.0.28!/jdk.dynalink" type="simple" />
            <root url="jrt://$USER_HOME$/.jdks/ms-11.0.28!/jdk.editpad" type="simple" />
            <root url="jrt://$USER_HOME$/.jdks/ms-11.0.28!/jdk.hotspot.agent" type="simple" />
            <root url="jrt://$USER_HOME$/.jdks/ms-11.0.28!/jdk.httpserver" type="simple" />
            <root url="jrt://$USER_HOME$/.jdks/ms-11.0.28!/jdk.internal.ed" type="simple" />
            <root url="jrt://$USER_HOME$/.jdks/ms-11.0.28!/jdk.internal.jvmstat" type="simple" />
            <root url="jrt://$USER_HOME$/.jdks/ms-11.0.28!/jdk.internal.le" type="simple" />
            <root url="jrt://$USER_HOME$/.jdks/ms-11.0.28!/jdk.internal.opt" type="simple" />
            <root url="jrt://$USER_HOME$/.jdks/ms-11.0.28!/jdk.internal.vm.ci" type="simple" />
            <root url="jrt://$USER_HOME$/.jdks/ms-11.0.28!/jdk.internal.vm.compiler" type="simple" />
            <root url="jrt://$USER_HOME$/.jdks/ms-11.0.28!/jdk.internal.vm.compiler.management" type="simple" />
            <root url="jrt://$USER_HOME$/.jdks/ms-11.0.28!/jdk.jartool" type="simple" />
            <root url="jrt://$USER_HOME$/.jdks/ms-11.0.28!/jdk.javadoc" type="simple" />
            <root url="jrt://$USER_HOME$/.jdks/ms-11.0.28!/jdk.jcmd" type="simple" />
            <root url="jrt://$USER_HOME$/.jdks/ms-11.0.28!/jdk.jconsole" type="simple" />
            <root url="jrt://$USER_HOME$/.jdks/ms-11.0.28!/jdk.jdeps" type="simple" />
            <root url="jrt://$USER_HOME$/.jdks/ms-11.0.28!/jdk.jdi" type="simple" />
            <root url="jrt://$USER_HOME$/.jdks/ms-11.0.28!/jdk.jdwp.agent" type="simple" />
            <root url="jrt://$USER_HOME$/.jdks/ms-11.0.28!/jdk.jfr" type="simple" />
            <root url="jrt://$USER_HOME$/.jdks/ms-11.0.28!/jdk.jlink" type="simple" />
            <root url="jrt://$USER_HOME$/.jdks/ms-11.0.28!/jdk.jshell" type="simple" />
            <root url="jrt://$USER_HOME$/.jdks/ms-11.0.28!/jdk.jsobject" type="simple" />
            <root url="jrt://$USER_HOME$/.jdks/ms-11.0.28!/jdk.jstatd" type="simple" />
            <root url="jrt://$USER_HOME$/.jdks/ms-11.0.28!/jdk.localedata" type="simple" />
            <root url="jrt://$USER_HOME$/.jdks/ms-11.0.28!/jdk.management" type="simple" />
            <root url="jrt://$USER_HOME$/.jdks/ms-11.0.28!/jdk.management.agent" type="simple" />
            <root url="jrt://$USER_HOME$/.jdks/ms-11.0.28!/jdk.management.jfr" type="simple" />
            <root url="jrt://$USER_HOME$/.jdks/ms-11.0.28!/jdk.naming.dns" type="simple" />
            <root url="jrt://$USER_HOME$/.jdks/ms-11.0.28!/jdk.naming.ldap" type="simple" />
            <root url="jrt://$USER_HOME$/.jdks/ms-11.0.28!/jdk.naming.rmi" type="simple" />
            <root url="jrt://$USER_HOME$/.jdks/ms-11.0.28!/jdk.net" type="simple" />
            <root url="jrt://$USER_HOME$/.jdks/ms-11.0.28!/jdk.pack" type="simple" />
            <root url="jrt://$USER_HOME$/.jdks/ms-11.0.28!/jdk.rmic" type="simple" />
            <root url="jrt://$USER_HOME$/.jdks/ms-11.0.28!/jdk.scripting.nashorn" type="simple" />
            <root url="jrt://$USER_HOME$/.jdks/ms-11.0.28!/jdk.scripting.nashorn.shell" type="simple" />
            <root url="jrt://$USER_HOME$/.jdks/ms-11.0.28!/jdk.sctp" type="simple" />
            <root url="jrt://$USER_HOME$/.jdks/ms-11.0.28!/jdk.security.auth" type="simple" />
            <root url="jrt://$USER_HOME$/.jdks/ms-11.0.28!/jdk.security.jgss" type="simple" />
            <root url="jrt://$USER_HOME$/.jdks/ms-11.0.28!/jdk.unsupported" type="simple" />
            <root url="jrt://$USER_HOME$/.jdks/ms-11.0.28!/jdk.unsupported.desktop" type="simple" />
            <root url="jrt://$USER_HOME$/.jdks/ms-11.0.28!/jdk.xml.dom" type="simple" />
            <root url="jrt://$USER_HOME$/.jdks/ms-11.0.28!/jdk.zipfs" type="simple" />
          </root>
        </classPath>
        <javadocPath>
          <root type="composite" />
        </javadocPath>
        <sourcePath>
          <root type="composite">
            <root url="jar://$USER_HOME$/.jdks/ms-11.0.28/lib/src.zip!/java.se" type="simple" />
            <root url="jar://$USER_HOME$/.jdks/ms-11.0.28/lib/src.zip!/jdk.aot" type="simple" />
            <root url="jar://$USER_HOME$/.jdks/ms-11.0.28/lib/src.zip!/jdk.jdi" type="simple" />
            <root url="jar://$USER_HOME$/.jdks/ms-11.0.28/lib/src.zip!/jdk.jfr" type="simple" />
            <root url="jar://$USER_HOME$/.jdks/ms-11.0.28/lib/src.zip!/jdk.net" type="simple" />
            <root url="jar://$USER_HOME$/.jdks/ms-11.0.28/lib/src.zip!/java.rmi" type="simple" />
            <root url="jar://$USER_HOME$/.jdks/ms-11.0.28/lib/src.zip!/java.sql" type="simple" />
            <root url="jar://$USER_HOME$/.jdks/ms-11.0.28/lib/src.zip!/java.xml" type="simple" />
            <root url="jar://$USER_HOME$/.jdks/ms-11.0.28/lib/src.zip!/jdk.jcmd" type="simple" />
            <root url="jar://$USER_HOME$/.jdks/ms-11.0.28/lib/src.zip!/jdk.pack" type="simple" />
            <root url="jar://$USER_HOME$/.jdks/ms-11.0.28/lib/src.zip!/jdk.rmic" type="simple" />
            <root url="jar://$USER_HOME$/.jdks/ms-11.0.28/lib/src.zip!/jdk.sctp" type="simple" />
            <root url="jar://$USER_HOME$/.jdks/ms-11.0.28/lib/src.zip!/java.base" type="simple" />
            <root url="jar://$USER_HOME$/.jdks/ms-11.0.28/lib/src.zip!/jdk.jdeps" type="simple" />
            <root url="jar://$USER_HOME$/.jdks/ms-11.0.28/lib/src.zip!/jdk.jlink" type="simple" />
            <root url="jar://$USER_HOME$/.jdks/ms-11.0.28/lib/src.zip!/jdk.zipfs" type="simple" />
            <root url="jar://$USER_HOME$/.jdks/ms-11.0.28/lib/src.zip!/java.prefs" type="simple" />
            <root url="jar://$USER_HOME$/.jdks/ms-11.0.28/lib/src.zip!/jdk.attach" type="simple" />
            <root url="jar://$USER_HOME$/.jdks/ms-11.0.28/lib/src.zip!/jdk.jshell" type="simple" />
            <root url="jar://$USER_HOME$/.jdks/ms-11.0.28/lib/src.zip!/jdk.jstatd" type="simple" />
            <root url="jar://$USER_HOME$/.jdks/ms-11.0.28/lib/src.zip!/java.naming" type="simple" />
            <root url="jar://$USER_HOME$/.jdks/ms-11.0.28/lib/src.zip!/jdk.editpad" type="simple" />
            <root url="jar://$USER_HOME$/.jdks/ms-11.0.28/lib/src.zip!/jdk.jartool" type="simple" />
            <root url="jar://$USER_HOME$/.jdks/ms-11.0.28/lib/src.zip!/jdk.javadoc" type="simple" />
            <root url="jar://$USER_HOME$/.jdks/ms-11.0.28/lib/src.zip!/jdk.xml.dom" type="simple" />
            <root url="jar://$USER_HOME$/.jdks/ms-11.0.28/lib/src.zip!/java.desktop" type="simple" />
            <root url="jar://$USER_HOME$/.jdks/ms-11.0.28/lib/src.zip!/java.logging" type="simple" />
            <root url="jar://$USER_HOME$/.jdks/ms-11.0.28/lib/src.zip!/jdk.charsets" type="simple" />
            <root url="jar://$USER_HOME$/.jdks/ms-11.0.28/lib/src.zip!/jdk.compiler" type="simple" />
            <root url="jar://$USER_HOME$/.jdks/ms-11.0.28/lib/src.zip!/jdk.dynalink" type="simple" />
            <root url="jar://$USER_HOME$/.jdks/ms-11.0.28/lib/src.zip!/jdk.jconsole" type="simple" />
            <root url="jar://$USER_HOME$/.jdks/ms-11.0.28/lib/src.zip!/jdk.jsobject" type="simple" />
            <root url="jar://$USER_HOME$/.jdks/ms-11.0.28/lib/src.zip!/java.compiler" type="simple" />
            <root url="jar://$USER_HOME$/.jdks/ms-11.0.28/lib/src.zip!/java.net.http" type="simple" />
            <root url="jar://$USER_HOME$/.jdks/ms-11.0.28/lib/src.zip!/jdk.crypto.ec" type="simple" />
            <root url="jar://$USER_HOME$/.jdks/ms-11.0.28/lib/src.zip!/java.scripting" type="simple" />
            <root url="jar://$USER_HOME$/.jdks/ms-11.0.28/lib/src.zip!/jdk.httpserver" type="simple" />
            <root url="jar://$USER_HOME$/.jdks/ms-11.0.28/lib/src.zip!/jdk.jdwp.agent" type="simple" />
            <root url="jar://$USER_HOME$/.jdks/ms-11.0.28/lib/src.zip!/jdk.localedata" type="simple" />
            <root url="jar://$USER_HOME$/.jdks/ms-11.0.28/lib/src.zip!/jdk.management" type="simple" />
            <root url="jar://$USER_HOME$/.jdks/ms-11.0.28/lib/src.zip!/jdk.naming.dns" type="simple" />
            <root url="jar://$USER_HOME$/.jdks/ms-11.0.28/lib/src.zip!/jdk.naming.rmi" type="simple" />
            <root url="jar://$USER_HOME$/.jdks/ms-11.0.28/lib/src.zip!/java.instrument" type="simple" />
            <root url="jar://$USER_HOME$/.jdks/ms-11.0.28/lib/src.zip!/java.management" type="simple" />
            <root url="jar://$USER_HOME$/.jdks/ms-11.0.28/lib/src.zip!/java.sql.rowset" type="simple" />
            <root url="jar://$USER_HOME$/.jdks/ms-11.0.28/lib/src.zip!/java.xml.crypto" type="simple" />
            <root url="jar://$USER_HOME$/.jdks/ms-11.0.28/lib/src.zip!/jdk.internal.ed" type="simple" />
            <root url="jar://$USER_HOME$/.jdks/ms-11.0.28/lib/src.zip!/jdk.internal.le" type="simple" />
            <root url="jar://$USER_HOME$/.jdks/ms-11.0.28/lib/src.zip!/jdk.naming.ldap" type="simple" />
            <root url="jar://$USER_HOME$/.jdks/ms-11.0.28/lib/src.zip!/jdk.unsupported" type="simple" />
            <root url="jar://$USER_HOME$/.jdks/ms-11.0.28/lib/src.zip!/java.smartcardio" type="simple" />
            <root url="jar://$USER_HOME$/.jdks/ms-11.0.28/lib/src.zip!/jdk.internal.opt" type="simple" />
            <root url="jar://$USER_HOME$/.jdks/ms-11.0.28/lib/src.zip!/java.datatransfer" type="simple" />
            <root url="jar://$USER_HOME$/.jdks/ms-11.0.28/lib/src.zip!/jdk.accessibility" type="simple" />
            <root url="jar://$USER_HOME$/.jdks/ms-11.0.28/lib/src.zip!/jdk.crypto.mscapi" type="simple" />
            <root url="jar://$USER_HOME$/.jdks/ms-11.0.28/lib/src.zip!/jdk.hotspot.agent" type="simple" />
            <root url="jar://$USER_HOME$/.jdks/ms-11.0.28/lib/src.zip!/jdk.security.auth" type="simple" />
            <root url="jar://$USER_HOME$/.jdks/ms-11.0.28/lib/src.zip!/jdk.security.jgss" type="simple" />
            <root url="jar://$USER_HOME$/.jdks/ms-11.0.28/lib/src.zip!/java.security.jgss" type="simple" />
            <root url="jar://$USER_HOME$/.jdks/ms-11.0.28/lib/src.zip!/java.security.sasl" type="simple" />
            <root url="jar://$USER_HOME$/.jdks/ms-11.0.28/lib/src.zip!/jdk.internal.vm.ci" type="simple" />
            <root url="jar://$USER_HOME$/.jdks/ms-11.0.28/lib/src.zip!/jdk.management.jfr" type="simple" />
            <root url="jar://$USER_HOME$/.jdks/ms-11.0.28/lib/src.zip!/java.management.rmi" type="simple" />
            <root url="jar://$USER_HOME$/.jdks/ms-11.0.28/lib/src.zip!/java.transaction.xa" type="simple" />
            <root url="jar://$USER_HOME$/.jdks/ms-11.0.28/lib/src.zip!/jdk.crypto.cryptoki" type="simple" />
            <root url="jar://$USER_HOME$/.jdks/ms-11.0.28/lib/src.zip!/jdk.internal.jvmstat" type="simple" />
            <root url="jar://$USER_HOME$/.jdks/ms-11.0.28/lib/src.zip!/jdk.management.agent" type="simple" />
            <root url="jar://$USER_HOME$/.jdks/ms-11.0.28/lib/src.zip!/jdk.scripting.nashorn" type="simple" />
            <root url="jar://$USER_HOME$/.jdks/ms-11.0.28/lib/src.zip!/jdk.unsupported.desktop" type="simple" />
            <root url="jar://$USER_HOME$/.jdks/ms-11.0.28/lib/src.zip!/jdk.internal.vm.compiler" type="simple" />
            <root url="jar://$USER_HOME$/.jdks/ms-11.0.28/lib/src.zip!/jdk.scripting.nashorn.shell" type="simple" />
            <root url="jar://$USER_HOME$/.jdks/ms-11.0.28/lib/src.zip!/jdk.internal.vm.compiler.management" type="simple" />
          </root>
        </sourcePath>
      </roots>
    </jdk>
    <jdk version="2">
      <name value="ms-11 (2)" />
      <type value="JavaSDK" />
      <version value="Microsoft OpenJDK 11.0.28" />
      <homePath value="$USER_HOME$/.jdks/ms-11.0.28" />
      <roots>
        <annotationsPath>
          <root type="composite">
            <root url="jar://$APPLICATION_HOME_DIR$/plugins/java/lib/resources/jdkAnnotations.jar!/" type="simple" />
          </root>
        </annotationsPath>
        <classPath>
          <root type="composite">
            <root url="jrt://$USER_HOME$/.jdks/ms-11.0.28!/java.base" type="simple" />
            <root url="jrt://$USER_HOME$/.jdks/ms-11.0.28!/java.compiler" type="simple" />
            <root url="jrt://$USER_HOME$/.jdks/ms-11.0.28!/java.datatransfer" type="simple" />
            <root url="jrt://$USER_HOME$/.jdks/ms-11.0.28!/java.desktop" type="simple" />
            <root url="jrt://$USER_HOME$/.jdks/ms-11.0.28!/java.instrument" type="simple" />
            <root url="jrt://$USER_HOME$/.jdks/ms-11.0.28!/java.logging" type="simple" />
            <root url="jrt://$USER_HOME$/.jdks/ms-11.0.28!/java.management" type="simple" />
            <root url="jrt://$USER_HOME$/.jdks/ms-11.0.28!/java.management.rmi" type="simple" />
            <root url="jrt://$USER_HOME$/.jdks/ms-11.0.28!/java.naming" type="simple" />
            <root url="jrt://$USER_HOME$/.jdks/ms-11.0.28!/java.net.http" type="simple" />
            <root url="jrt://$USER_HOME$/.jdks/ms-11.0.28!/java.prefs" type="simple" />
            <root url="jrt://$USER_HOME$/.jdks/ms-11.0.28!/java.rmi" type="simple" />
            <root url="jrt://$USER_HOME$/.jdks/ms-11.0.28!/java.scripting" type="simple" />
            <root url="jrt://$USER_HOME$/.jdks/ms-11.0.28!/java.se" type="simple" />
            <root url="jrt://$USER_HOME$/.jdks/ms-11.0.28!/java.security.jgss" type="simple" />
            <root url="jrt://$USER_HOME$/.jdks/ms-11.0.28!/java.security.sasl" type="simple" />
            <root url="jrt://$USER_HOME$/.jdks/ms-11.0.28!/java.smartcardio" type="simple" />
            <root url="jrt://$USER_HOME$/.jdks/ms-11.0.28!/java.sql" type="simple" />
            <root url="jrt://$USER_HOME$/.jdks/ms-11.0.28!/java.sql.rowset" type="simple" />
            <root url="jrt://$USER_HOME$/.jdks/ms-11.0.28!/java.transaction.xa" type="simple" />
            <root url="jrt://$USER_HOME$/.jdks/ms-11.0.28!/java.xml" type="simple" />
            <root url="jrt://$USER_HOME$/.jdks/ms-11.0.28!/java.xml.crypto" type="simple" />
            <root url="jrt://$USER_HOME$/.jdks/ms-11.0.28!/jdk.accessibility" type="simple" />
            <root url="jrt://$USER_HOME$/.jdks/ms-11.0.28!/jdk.aot" type="simple" />
            <root url="jrt://$USER_HOME$/.jdks/ms-11.0.28!/jdk.attach" type="simple" />
            <root url="jrt://$USER_HOME$/.jdks/ms-11.0.28!/jdk.charsets" type="simple" />
            <root url="jrt://$USER_HOME$/.jdks/ms-11.0.28!/jdk.compiler" type="simple" />
            <root url="jrt://$USER_HOME$/.jdks/ms-11.0.28!/jdk.crypto.cryptoki" type="simple" />
            <root url="jrt://$USER_HOME$/.jdks/ms-11.0.28!/jdk.crypto.ec" type="simple" />
            <root url="jrt://$USER_HOME$/.jdks/ms-11.0.28!/jdk.crypto.mscapi" type="simple" />
            <root url="jrt://$USER_HOME$/.jdks/ms-11.0.28!/jdk.dynalink" type="simple" />
            <root url="jrt://$USER_HOME$/.jdks/ms-11.0.28!/jdk.editpad" type="simple" />
            <root url="jrt://$USER_HOME$/.jdks/ms-11.0.28!/jdk.hotspot.agent" type="simple" />
            <root url="jrt://$USER_HOME$/.jdks/ms-11.0.28!/jdk.httpserver" type="simple" />
            <root url="jrt://$USER_HOME$/.jdks/ms-11.0.28!/jdk.internal.ed" type="simple" />
            <root url="jrt://$USER_HOME$/.jdks/ms-11.0.28!/jdk.internal.jvmstat" type="simple" />
            <root url="jrt://$USER_HOME$/.jdks/ms-11.0.28!/jdk.internal.le" type="simple" />
            <root url="jrt://$USER_HOME$/.jdks/ms-11.0.28!/jdk.internal.opt" type="simple" />
            <root url="jrt://$USER_HOME$/.jdks/ms-11.0.28!/jdk.internal.vm.ci" type="simple" />
            <root url="jrt://$USER_HOME$/.jdks/ms-11.0.28!/jdk.internal.vm.compiler" type="simple" />
            <root url="jrt://$USER_HOME$/.jdks/ms-11.0.28!/jdk.internal.vm.compiler.management" type="simple" />
            <root url="jrt://$USER_HOME$/.jdks/ms-11.0.28!/jdk.jartool" type="simple" />
            <root url="jrt://$USER_HOME$/.jdks/ms-11.0.28!/jdk.javadoc" type="simple" />
            <root url="jrt://$USER_HOME$/.jdks/ms-11.0.28!/jdk.jcmd" type="simple" />
            <root url="jrt://$USER_HOME$/.jdks/ms-11.0.28!/jdk.jconsole" type="simple" />
            <root url="jrt://$USER_HOME$/.jdks/ms-11.0.28!/jdk.jdeps" type="simple" />
            <root url="jrt://$USER_HOME$/.jdks/ms-11.0.28!/jdk.jdi" type="simple" />
            <root url="jrt://$USER_HOME$/.jdks/ms-11.0.28!/jdk.jdwp.agent" type="simple" />
            <root url="jrt://$USER_HOME$/.jdks/ms-11.0.28!/jdk.jfr" type="simple" />
            <root url="jrt://$USER_HOME$/.jdks/ms-11.0.28!/jdk.jlink" type="simple" />
            <root url="jrt://$USER_HOME$/.jdks/ms-11.0.28!/jdk.jshell" type="simple" />
            <root url="jrt://$USER_HOME$/.jdks/ms-11.0.28!/jdk.jsobject" type="simple" />
            <root url="jrt://$USER_HOME$/.jdks/ms-11.0.28!/jdk.jstatd" type="simple" />
            <root url="jrt://$USER_HOME$/.jdks/ms-11.0.28!/jdk.localedata" type="simple" />
            <root url="jrt://$USER_HOME$/.jdks/ms-11.0.28!/jdk.management" type="simple" />
            <root url="jrt://$USER_HOME$/.jdks/ms-11.0.28!/jdk.management.agent" type="simple" />
            <root url="jrt://$USER_HOME$/.jdks/ms-11.0.28!/jdk.management.jfr" type="simple" />
            <root url="jrt://$USER_HOME$/.jdks/ms-11.0.28!/jdk.naming.dns" type="simple" />
            <root url="jrt://$USER_HOME$/.jdks/ms-11.0.28!/jdk.naming.ldap" type="simple" />
            <root url="jrt://$USER_HOME$/.jdks/ms-11.0.28!/jdk.naming.rmi" type="simple" />
            <root url="jrt://$USER_HOME$/.jdks/ms-11.0.28!/jdk.net" type="simple" />
            <root url="jrt://$USER_HOME$/.jdks/ms-11.0.28!/jdk.pack" type="simple" />
            <root url="jrt://$USER_HOME$/.jdks/ms-11.0.28!/jdk.rmic" type="simple" />
            <root url="jrt://$USER_HOME$/.jdks/ms-11.0.28!/jdk.scripting.nashorn" type="simple" />
            <root url="jrt://$USER_HOME$/.jdks/ms-11.0.28!/jdk.scripting.nashorn.shell" type="simple" />
            <root url="jrt://$USER_HOME$/.jdks/ms-11.0.28!/jdk.sctp" type="simple" />
            <root url="jrt://$USER_HOME$/.jdks/ms-11.0.28!/jdk.security.auth" type="simple" />
            <root url="jrt://$USER_HOME$/.jdks/ms-11.0.28!/jdk.security.jgss" type="simple" />
            <root url="jrt://$USER_HOME$/.jdks/ms-11.0.28!/jdk.unsupported" type="simple" />
            <root url="jrt://$USER_HOME$/.jdks/ms-11.0.28!/jdk.unsupported.desktop" type="simple" />
            <root url="jrt://$USER_HOME$/.jdks/ms-11.0.28!/jdk.xml.dom" type="simple" />
            <root url="jrt://$USER_HOME$/.jdks/ms-11.0.28!/jdk.zipfs" type="simple" />
          </root>
        </classPath>
        <javadocPath>
          <root type="composite" />
        </javadocPath>
        <sourcePath>
          <root type="composite">
            <root url="jar://$USER_HOME$/.jdks/ms-11.0.28/lib/src.zip!/java.se" type="simple" />
            <root url="jar://$USER_HOME$/.jdks/ms-11.0.28/lib/src.zip!/jdk.aot" type="simple" />
            <root url="jar://$USER_HOME$/.jdks/ms-11.0.28/lib/src.zip!/jdk.jdi" type="simple" />
            <root url="jar://$USER_HOME$/.jdks/ms-11.0.28/lib/src.zip!/jdk.jfr" type="simple" />
            <root url="jar://$USER_HOME$/.jdks/ms-11.0.28/lib/src.zip!/jdk.net" type="simple" />
            <root url="jar://$USER_HOME$/.jdks/ms-11.0.28/lib/src.zip!/java.rmi" type="simple" />
            <root url="jar://$USER_HOME$/.jdks/ms-11.0.28/lib/src.zip!/java.sql" type="simple" />
            <root url="jar://$USER_HOME$/.jdks/ms-11.0.28/lib/src.zip!/java.xml" type="simple" />
            <root url="jar://$USER_HOME$/.jdks/ms-11.0.28/lib/src.zip!/jdk.jcmd" type="simple" />
            <root url="jar://$USER_HOME$/.jdks/ms-11.0.28/lib/src.zip!/jdk.pack" type="simple" />
            <root url="jar://$USER_HOME$/.jdks/ms-11.0.28/lib/src.zip!/jdk.rmic" type="simple" />
            <root url="jar://$USER_HOME$/.jdks/ms-11.0.28/lib/src.zip!/jdk.sctp" type="simple" />
            <root url="jar://$USER_HOME$/.jdks/ms-11.0.28/lib/src.zip!/java.base" type="simple" />
            <root url="jar://$USER_HOME$/.jdks/ms-11.0.28/lib/src.zip!/jdk.jdeps" type="simple" />
            <root url="jar://$USER_HOME$/.jdks/ms-11.0.28/lib/src.zip!/jdk.jlink" type="simple" />
            <root url="jar://$USER_HOME$/.jdks/ms-11.0.28/lib/src.zip!/jdk.zipfs" type="simple" />
            <root url="jar://$USER_HOME$/.jdks/ms-11.0.28/lib/src.zip!/java.prefs" type="simple" />
            <root url="jar://$USER_HOME$/.jdks/ms-11.0.28/lib/src.zip!/jdk.attach" type="simple" />
            <root url="jar://$USER_HOME$/.jdks/ms-11.0.28/lib/src.zip!/jdk.jshell" type="simple" />
            <root url="jar://$USER_HOME$/.jdks/ms-11.0.28/lib/src.zip!/jdk.jstatd" type="simple" />
            <root url="jar://$USER_HOME$/.jdks/ms-11.0.28/lib/src.zip!/java.naming" type="simple" />
            <root url="jar://$USER_HOME$/.jdks/ms-11.0.28/lib/src.zip!/jdk.editpad" type="simple" />
            <root url="jar://$USER_HOME$/.jdks/ms-11.0.28/lib/src.zip!/jdk.jartool" type="simple" />
            <root url="jar://$USER_HOME$/.jdks/ms-11.0.28/lib/src.zip!/jdk.javadoc" type="simple" />
            <root url="jar://$USER_HOME$/.jdks/ms-11.0.28/lib/src.zip!/jdk.xml.dom" type="simple" />
            <root url="jar://$USER_HOME$/.jdks/ms-11.0.28/lib/src.zip!/java.desktop" type="simple" />
            <root url="jar://$USER_HOME$/.jdks/ms-11.0.28/lib/src.zip!/java.logging" type="simple" />
            <root url="jar://$USER_HOME$/.jdks/ms-11.0.28/lib/src.zip!/jdk.charsets" type="simple" />
            <root url="jar://$USER_HOME$/.jdks/ms-11.0.28/lib/src.zip!/jdk.compiler" type="simple" />
            <root url="jar://$USER_HOME$/.jdks/ms-11.0.28/lib/src.zip!/jdk.dynalink" type="simple" />
            <root url="jar://$USER_HOME$/.jdks/ms-11.0.28/lib/src.zip!/jdk.jconsole" type="simple" />
            <root url="jar://$USER_HOME$/.jdks/ms-11.0.28/lib/src.zip!/jdk.jsobject" type="simple" />
            <root url="jar://$USER_HOME$/.jdks/ms-11.0.28/lib/src.zip!/java.compiler" type="simple" />
            <root url="jar://$USER_HOME$/.jdks/ms-11.0.28/lib/src.zip!/java.net.http" type="simple" />
            <root url="jar://$USER_HOME$/.jdks/ms-11.0.28/lib/src.zip!/jdk.crypto.ec" type="simple" />
            <root url="jar://$USER_HOME$/.jdks/ms-11.0.28/lib/src.zip!/java.scripting" type="simple" />
            <root url="jar://$USER_HOME$/.jdks/ms-11.0.28/lib/src.zip!/jdk.httpserver" type="simple" />
            <root url="jar://$USER_HOME$/.jdks/ms-11.0.28/lib/src.zip!/jdk.jdwp.agent" type="simple" />
            <root url="jar://$USER_HOME$/.jdks/ms-11.0.28/lib/src.zip!/jdk.localedata" type="simple" />
            <root url="jar://$USER_HOME$/.jdks/ms-11.0.28/lib/src.zip!/jdk.management" type="simple" />
            <root url="jar://$USER_HOME$/.jdks/ms-11.0.28/lib/src.zip!/jdk.naming.dns" type="simple" />
            <root url="jar://$USER_HOME$/.jdks/ms-11.0.28/lib/src.zip!/jdk.naming.rmi" type="simple" />
            <root url="jar://$USER_HOME$/.jdks/ms-11.0.28/lib/src.zip!/java.instrument" type="simple" />
            <root url="jar://$USER_HOME$/.jdks/ms-11.0.28/lib/src.zip!/java.management" type="simple" />
            <root url="jar://$USER_HOME$/.jdks/ms-11.0.28/lib/src.zip!/java.sql.rowset" type="simple" />
            <root url="jar://$USER_HOME$/.jdks/ms-11.0.28/lib/src.zip!/java.xml.crypto" type="simple" />
            <root url="jar://$USER_HOME$/.jdks/ms-11.0.28/lib/src.zip!/jdk.internal.ed" type="simple" />
            <root url="jar://$USER_HOME$/.jdks/ms-11.0.28/lib/src.zip!/jdk.internal.le" type="simple" />
            <root url="jar://$USER_HOME$/.jdks/ms-11.0.28/lib/src.zip!/jdk.naming.ldap" type="simple" />
            <root url="jar://$USER_HOME$/.jdks/ms-11.0.28/lib/src.zip!/jdk.unsupported" type="simple" />
            <root url="jar://$USER_HOME$/.jdks/ms-11.0.28/lib/src.zip!/java.smartcardio" type="simple" />
            <root url="jar://$USER_HOME$/.jdks/ms-11.0.28/lib/src.zip!/jdk.internal.opt" type="simple" />
            <root url="jar://$USER_HOME$/.jdks/ms-11.0.28/lib/src.zip!/java.datatransfer" type="simple" />
            <root url="jar://$USER_HOME$/.jdks/ms-11.0.28/lib/src.zip!/jdk.accessibility" type="simple" />
            <root url="jar://$USER_HOME$/.jdks/ms-11.0.28/lib/src.zip!/jdk.crypto.mscapi" type="simple" />
            <root url="jar://$USER_HOME$/.jdks/ms-11.0.28/lib/src.zip!/jdk.hotspot.agent" type="simple" />
            <root url="jar://$USER_HOME$/.jdks/ms-11.0.28/lib/src.zip!/jdk.security.auth" type="simple" />
            <root url="jar://$USER_HOME$/.jdks/ms-11.0.28/lib/src.zip!/jdk.security.jgss" type="simple" />
            <root url="jar://$USER_HOME$/.jdks/ms-11.0.28/lib/src.zip!/java.security.jgss" type="simple" />
            <root url="jar://$USER_HOME$/.jdks/ms-11.0.28/lib/src.zip!/java.security.sasl" type="simple" />
            <root url="jar://$USER_HOME$/.jdks/ms-11.0.28/lib/src.zip!/jdk.internal.vm.ci" type="simple" />
            <root url="jar://$USER_HOME$/.jdks/ms-11.0.28/lib/src.zip!/jdk.management.jfr" type="simple" />
            <root url="jar://$USER_HOME$/.jdks/ms-11.0.28/lib/src.zip!/java.management.rmi" type="simple" />
            <root url="jar://$USER_HOME$/.jdks/ms-11.0.28/lib/src.zip!/java.transaction.xa" type="simple" />
            <root url="jar://$USER_HOME$/.jdks/ms-11.0.28/lib/src.zip!/jdk.crypto.cryptoki" type="simple" />
            <root url="jar://$USER_HOME$/.jdks/ms-11.0.28/lib/src.zip!/jdk.internal.jvmstat" type="simple" />
            <root url="jar://$USER_HOME$/.jdks/ms-11.0.28/lib/src.zip!/jdk.management.agent" type="simple" />
            <root url="jar://$USER_HOME$/.jdks/ms-11.0.28/lib/src.zip!/jdk.scripting.nashorn" type="simple" />
            <root url="jar://$USER_HOME$/.jdks/ms-11.0.28/lib/src.zip!/jdk.unsupported.desktop" type="simple" />
            <root url="jar://$USER_HOME$/.jdks/ms-11.0.28/lib/src.zip!/jdk.internal.vm.compiler" type="simple" />
            <root url="jar://$USER_HOME$/.jdks/ms-11.0.28/lib/src.zip!/jdk.scripting.nashorn.shell" type="simple" />
            <root url="jar://$USER_HOME$/.jdks/ms-11.0.28/lib/src.zip!/jdk.internal.vm.compiler.management" type="simple" />
          </root>
        </sourcePath>
      </roots>
    </jdk>
    <jdk version="2">
      <name value="21" />
      <type value="JavaSDK" />
      <version value="Microsoft OpenJDK 21.0.10" />
      <homePath value="$USER_HOME$/.jdks/ms-21.0.10" />
      <roots>
        <annotationsPath>
          <root type="composite">
            <root url="jar://$APPLICATION_HOME_DIR$/plugins/java/lib/resources/jdkAnnotations.jar!/" type="simple" />
          </root>
        </annotationsPath>
        <classPath>
          <root type="composite">
            <root url="jrt://$USER_HOME$/.jdks/ms-21.0.10!/java.base" type="simple" />
            <root url="jrt://$USER_HOME$/.jdks/ms-21.0.10!/java.compiler" type="simple" />
            <root url="jrt://$USER_HOME$/.jdks/ms-21.0.10!/java.datatransfer" type="simple" />
            <root url="jrt://$USER_HOME$/.jdks/ms-21.0.10!/java.desktop" type="simple" />
            <root url="jrt://$USER_HOME$/.jdks/ms-21.0.10!/java.instrument" type="simple" />
            <root url="jrt://$USER_HOME$/.jdks/ms-21.0.10!/java.logging" type="simple" />
            <root url="jrt://$USER_HOME$/.jdks/ms-21.0.10!/java.management" type="simple" />
            <root url="jrt://$USER_HOME$/.jdks/ms-21.0.10!/java.management.rmi" type="simple" />
            <root url="jrt://$USER_HOME$/.jdks/ms-21.0.10!/java.naming" type="simple" />
            <root url="jrt://$USER_HOME$/.jdks/ms-21.0.10!/java.net.http" type="simple" />
            <root url="jrt://$USER_HOME$/.jdks/ms-21.0.10!/java.prefs" type="simple" />
            <root url="jrt://$USER_HOME$/.jdks/ms-21.0.10!/java.rmi" type="simple" />
            <root url="jrt://$USER_HOME$/.jdks/ms-21.0.10!/java.scripting" type="simple" />
            <root url="jrt://$USER_HOME$/.jdks/ms-21.0.10!/java.se" type="simple" />
            <root url="jrt://$USER_HOME$/.jdks/ms-21.0.10!/java.security.jgss" type="simple" />
            <root url="jrt://$USER_HOME$/.jdks/ms-21.0.10!/java.security.sasl" type="simple" />
            <root url="jrt://$USER_HOME$/.jdks/ms-21.0.10!/java.smartcardio" type="simple" />
            <root url="jrt://$USER_HOME$/.jdks/ms-21.0.10!/java.sql" type="simple" />
            <root url="jrt://$USER_HOME$/.jdks/ms-21.0.10!/java.sql.rowset" type="simple" />
            <root url="jrt://$USER_HOME$/.jdks/ms-21.0.10!/java.transaction.xa" type="simple" />
            <root url="jrt://$USER_HOME$/.jdks/ms-21.0.10!/java.xml" type="simple" />
            <root url="jrt://$USER_HOME$/.jdks/ms-21.0.10!/java.xml.crypto" type="simple" />
            <root url="jrt://$USER_HOME$/.jdks/ms-21.0.10!/jdk.accessibility" type="simple" />
            <root url="jrt://$USER_HOME$/.jdks/ms-21.0.10!/jdk.attach" type="simple" />
            <root url="jrt://$USER_HOME$/.jdks/ms-21.0.10!/jdk.charsets" type="simple" />
            <root url="jrt://$USER_HOME$/.jdks/ms-21.0.10!/jdk.compiler" type="simple" />
            <root url="jrt://$USER_HOME$/.jdks/ms-21.0.10!/jdk.crypto.cryptoki" type="simple" />
            <root url="jrt://$USER_HOME$/.jdks/ms-21.0.10!/jdk.crypto.ec" type="simple" />
            <root url="jrt://$USER_HOME$/.jdks/ms-21.0.10!/jdk.crypto.mscapi" type="simple" />
            <root url="jrt://$USER_HOME$/.jdks/ms-21.0.10!/jdk.dynalink" type="simple" />
            <root url="jrt://$USER_HOME$/.jdks/ms-21.0.10!/jdk.editpad" type="simple" />
            <root url="jrt://$USER_HOME$/.jdks/ms-21.0.10!/jdk.hotspot.agent" type="simple" />
            <root url="jrt://$USER_HOME$/.jdks/ms-21.0.10!/jdk.httpserver" type="simple" />
            <root url="jrt://$USER_HOME$/.jdks/ms-21.0.10!/jdk.incubator.vector" type="simple" />
            <root url="jrt://$USER_HOME$/.jdks/ms-21.0.10!/jdk.internal.ed" type="simple" />
            <root url="jrt://$USER_HOME$/.jdks/ms-21.0.10!/jdk.internal.jvmstat" type="simple" />
            <root url="jrt://$USER_HOME$/.jdks/ms-21.0.10!/jdk.internal.le" type="simple" />
            <root url="jrt://$USER_HOME$/.jdks/ms-21.0.10!/jdk.internal.opt" type="simple" />
            <root url="jrt://$USER_HOME$/.jdks/ms-21.0.10!/jdk.internal.vm.ci" type="simple" />
            <root url="jrt://$USER_HOME$/.jdks/ms-21.0.10!/jdk.internal.vm.compiler" type="simple" />
            <root url="jrt://$USER_HOME$/.jdks/ms-21.0.10!/jdk.internal.vm.compiler.management" type="simple" />
            <root url="jrt://$USER_HOME$/.jdks/ms-21.0.10!/jdk.jartool" type="simple" />
            <root url="jrt://$USER_HOME$/.jdks/ms-21.0.10!/jdk.javadoc" type="simple" />
            <root url="jrt://$USER_HOME$/.jdks/ms-21.0.10!/jdk.jcmd" type="simple" />
            <root url="jrt://$USER_HOME$/.jdks/ms-21.0.10!/jdk.jconsole" type="simple" />
            <root url="jrt://$USER_HOME$/.jdks/ms-21.0.10!/jdk.jdeps" type="simple" />
            <root url="jrt://$USER_HOME$/.jdks/ms-21.0.10!/jdk.jdi" type="simple" />
            <root url="jrt://$USER_HOME$/.jdks/ms-21.0.10!/jdk.jdwp.agent" type="simple" />
            <root url="jrt://$USER_HOME$/.jdks/ms-21.0.10!/jdk.jfr" type="simple" />
            <root url="jrt://$USER_HOME$/.jdks/ms-21.0.10!/jdk.jlink" type="simple" />
            <root url="jrt://$USER_HOME$/.jdks/ms-21.0.10!/jdk.jpackage" type="simple" />
            <root url="jrt://$USER_HOME$/.jdks/ms-21.0.10!/jdk.jshell" type="simple" />
            <root url="jrt://$USER_HOME$/.jdks/ms-21.0.10!/jdk.jsobject" type="simple" />
            <root url="jrt://$USER_HOME$/.jdks/ms-21.0.10!/jdk.jstatd" type="simple" />
            <root url="jrt://$USER_HOME$/.jdks/ms-21.0.10!/jdk.localedata" type="simple" />
            <root url="jrt://$USER_HOME$/.jdks/ms-21.0.10!/jdk.management" type="simple" />
            <root url="jrt://$USER_HOME$/.jdks/ms-21.0.10!/jdk.management.agent" type="simple" />
            <root url="jrt://$USER_HOME$/.jdks/ms-21.0.10!/jdk.management.jfr" type="simple" />
            <root url="jrt://$USER_HOME$/.jdks/ms-21.0.10!/jdk.naming.dns" type="simple" />
            <root url="jrt://$USER_HOME$/.jdks/ms-21.0.10!/jdk.naming.rmi" type="simple" />
            <root url="jrt://$USER_HOME$/.jdks/ms-21.0.10!/jdk.net" type="simple" />
            <root url="jrt://$USER_HOME$/.jdks/ms-21.0.10!/jdk.nio.mapmode" type="simple" />
            <root url="jrt://$USER_HOME$/.jdks/ms-21.0.10!/jdk.random" type="simple" />
            <root url="jrt://$USER_HOME$/.jdks/ms-21.0.10!/jdk.sctp" type="simple" />
            <root url="jrt://$USER_HOME$/.jdks/ms-21.0.10!/jdk.security.auth" type="simple" />
            <root url="jrt://$USER_HOME$/.jdks/ms-21.0.10!/jdk.security.jgss" type="simple" />
            <root url="jrt://$USER_HOME$/.jdks/ms-21.0.10!/jdk.unsupported" type="simple" />
            <root url="jrt://$USER_HOME$/.jdks/ms-21.0.10!/jdk.unsupported.desktop" type="simple" />
            <root url="jrt://$USER_HOME$/.jdks/ms-21.0.10!/jdk.xml.dom" type="simple" />
            <root url="jrt://$USER_HOME$/.jdks/ms-21.0.10!/jdk.zipfs" type="simple" />
          </root>
        </classPath>
        <javadocPath>
          <root type="composite" />
        </javadocPath>
        <sourcePath>
          <root type="composite">
            <root url="jar://$USER_HOME$/.jdks/ms-21.0.10/lib/src.zip!/java.se" type="simple" />
            <root url="jar://$USER_HOME$/.jdks/ms-21.0.10/lib/src.zip!/jdk.jdi" type="simple" />
            <root url="jar://$USER_HOME$/.jdks/ms-21.0.10/lib/src.zip!/jdk.jfr" type="simple" />
            <root url="jar://$USER_HOME$/.jdks/ms-21.0.10/lib/src.zip!/jdk.net" type="simple" />
            <root url="jar://$USER_HOME$/.jdks/ms-21.0.10/lib/src.zip!/java.rmi" type="simple" />
            <root url="jar://$USER_HOME$/.jdks/ms-21.0.10/lib/src.zip!/java.sql" type="simple" />
            <root url="jar://$USER_HOME$/.jdks/ms-21.0.10/lib/src.zip!/java.xml" type="simple" />
            <root url="jar://$USER_HOME$/.jdks/ms-21.0.10/lib/src.zip!/jdk.jcmd" type="simple" />
            <root url="jar://$USER_HOME$/.jdks/ms-21.0.10/lib/src.zip!/jdk.sctp" type="simple" />
            <root url="jar://$USER_HOME$/.jdks/ms-21.0.10/lib/src.zip!/java.base" type="simple" />
            <root url="jar://$USER_HOME$/.jdks/ms-21.0.10/lib/src.zip!/jdk.jdeps" type="simple" />
            <root url="jar://$USER_HOME$/.jdks/ms-21.0.10/lib/src.zip!/jdk.jlink" type="simple" />
            <root url="jar://$USER_HOME$/.jdks/ms-21.0.10/lib/src.zip!/jdk.zipfs" type="simple" />
            <root url="jar://$USER_HOME$/.jdks/ms-21.0.10/lib/src.zip!/java.prefs" type="simple" />
            <root url="jar://$USER_HOME$/.jdks/ms-21.0.10/lib/src.zip!/jdk.attach" type="simple" />
            <root url="jar://$USER_HOME$/.jdks/ms-21.0.10/lib/src.zip!/jdk.jshell" type="simple" />
            <root url="jar://$USER_HOME$/.jdks/ms-21.0.10/lib/src.zip!/jdk.jstatd" type="simple" />
            <root url="jar://$USER_HOME$/.jdks/ms-21.0.10/lib/src.zip!/jdk.random" type="simple" />
            <root url="jar://$USER_HOME$/.jdks/ms-21.0.10/lib/src.zip!/java.naming" type="simple" />
            <root url="jar://$USER_HOME$/.jdks/ms-21.0.10/lib/src.zip!/jdk.editpad" type="simple" />
            <root url="jar://$USER_HOME$/.jdks/ms-21.0.10/lib/src.zip!/jdk.jartool" type="simple" />
            <root url="jar://$USER_HOME$/.jdks/ms-21.0.10/lib/src.zip!/jdk.javadoc" type="simple" />
            <root url="jar://$USER_HOME$/.jdks/ms-21.0.10/lib/src.zip!/jdk.xml.dom" type="simple" />
            <root url="jar://$USER_HOME$/.jdks/ms-21.0.10/lib/src.zip!/java.desktop" type="simple" />
            <root url="jar://$USER_HOME$/.jdks/ms-21.0.10/lib/src.zip!/java.logging" type="simple" />
            <root url="jar://$USER_HOME$/.jdks/ms-21.0.10/lib/src.zip!/jdk.charsets" type="simple" />
            <root url="jar://$USER_HOME$/.jdks/ms-21.0.10/lib/src.zip!/jdk.compiler" type="simple" />
            <root url="jar://$USER_HOME$/.jdks/ms-21.0.10/lib/src.zip!/jdk.dynalink" type="simple" />
            <root url="jar://$USER_HOME$/.jdks/ms-21.0.10/lib/src.zip!/jdk.jconsole" type="simple" />
            <root url="jar://$USER_HOME$/.jdks/ms-21.0.10/lib/src.zip!/jdk.jpackage" type="simple" />
            <root url="jar://$USER_HOME$/.jdks/ms-21.0.10/lib/src.zip!/jdk.jsobject" type="simple" />
            <root url="jar://$USER_HOME$/.jdks/ms-21.0.10/lib/src.zip!/java.compiler" type="simple" />
            <root url="jar://$USER_HOME$/.jdks/ms-21.0.10/lib/src.zip!/java.net.http" type="simple" />
            <root url="jar://$USER_HOME$/.jdks/ms-21.0.10/lib/src.zip!/jdk.crypto.ec" type="simple" />
            <root url="jar://$USER_HOME$/.jdks/ms-21.0.10/lib/src.zip!/java.scripting" type="simple" />
            <root url="jar://$USER_HOME$/.jdks/ms-21.0.10/lib/src.zip!/jdk.httpserver" type="simple" />
            <root url="jar://$USER_HOME$/.jdks/ms-21.0.10/lib/src.zip!/jdk.jdwp.agent" type="simple" />
            <root url="jar://$USER_HOME$/.jdks/ms-21.0.10/lib/src.zip!/jdk.localedata" type="simple" />
            <root url="jar://$USER_HOME$/.jdks/ms-21.0.10/lib/src.zip!/jdk.management" type="simple" />
            <root url="jar://$USER_HOME$/.jdks/ms-21.0.10/lib/src.zip!/jdk.naming.dns" type="simple" />
            <root url="jar://$USER_HOME$/.jdks/ms-21.0.10/lib/src.zip!/jdk.naming.rmi" type="simple" />
            <root url="jar://$USER_HOME$/.jdks/ms-21.0.10/lib/src.zip!/java.instrument" type="simple" />
            <root url="jar://$USER_HOME$/.jdks/ms-21.0.10/lib/src.zip!/java.management" type="simple" />
            <root url="jar://$USER_HOME$/.jdks/ms-21.0.10/lib/src.zip!/java.sql.rowset" type="simple" />
            <root url="jar://$USER_HOME$/.jdks/ms-21.0.10/lib/src.zip!/java.xml.crypto" type="simple" />
            <root url="jar://$USER_HOME$/.jdks/ms-21.0.10/lib/src.zip!/jdk.internal.ed" type="simple" />
            <root url="jar://$USER_HOME$/.jdks/ms-21.0.10/lib/src.zip!/jdk.internal.le" type="simple" />
            <root url="jar://$USER_HOME$/.jdks/ms-21.0.10/lib/src.zip!/jdk.nio.mapmode" type="simple" />
            <root url="jar://$USER_HOME$/.jdks/ms-21.0.10/lib/src.zip!/jdk.unsupported" type="simple" />
            <root url="jar://$USER_HOME$/.jdks/ms-21.0.10/lib/src.zip!/java.smartcardio" type="simple" />
            <root url="jar://$USER_HOME$/.jdks/ms-21.0.10/lib/src.zip!/jdk.internal.opt" type="simple" />
            <root url="jar://$USER_HOME$/.jdks/ms-21.0.10/lib/src.zip!/java.datatransfer" type="simple" />
            <root url="jar://$USER_HOME$/.jdks/ms-21.0.10/lib/src.zip!/jdk.accessibility" type="simple" />
            <root url="jar://$USER_HOME$/.jdks/ms-21.0.10/lib/src.zip!/jdk.crypto.mscapi" type="simple" />
            <root url="jar://$USER_HOME$/.jdks/ms-21.0.10/lib/src.zip!/jdk.hotspot.agent" type="simple" />
            <root url="jar://$USER_HOME$/.jdks/ms-21.0.10/lib/src.zip!/jdk.security.auth" type="simple" />
            <root url="jar://$USER_HOME$/.jdks/ms-21.0.10/lib/src.zip!/jdk.security.jgss" type="simple" />
            <root url="jar://$USER_HOME$/.jdks/ms-21.0.10/lib/src.zip!/java.security.jgss" type="simple" />
            <root url="jar://$USER_HOME$/.jdks/ms-21.0.10/lib/src.zip!/java.security.sasl" type="simple" />
            <root url="jar://$USER_HOME$/.jdks/ms-21.0.10/lib/src.zip!/jdk.internal.vm.ci" type="simple" />
            <root url="jar://$USER_HOME$/.jdks/ms-21.0.10/lib/src.zip!/jdk.management.jfr" type="simple" />
            <root url="jar://$USER_HOME$/.jdks/ms-21.0.10/lib/src.zip!/java.management.rmi" type="simple" />
            <root url="jar://$USER_HOME$/.jdks/ms-21.0.10/lib/src.zip!/java.transaction.xa" type="simple" />
            <root url="jar://$USER_HOME$/.jdks/ms-21.0.10/lib/src.zip!/jdk.crypto.cryptoki" type="simple" />
            <root url="jar://$USER_HOME$/.jdks/ms-21.0.10/lib/src.zip!/jdk.incubator.vector" type="simple" />
            <root url="jar://$USER_HOME$/.jdks/ms-21.0.10/lib/src.zip!/jdk.internal.jvmstat" type="simple" />
            <root url="jar://$USER_HOME$/.jdks/ms-21.0.10/lib/src.zip!/jdk.management.agent" type="simple" />
            <root url="jar://$USER_HOME$/.jdks/ms-21.0.10/lib/src.zip!/jdk.unsupported.desktop" type="simple" />
            <root url="jar://$USER_HOME$/.jdks/ms-21.0.10/lib/src.zip!/jdk.internal.vm.compiler" type="simple" />
            <root url="jar://$USER_HOME$/.jdks/ms-21.0.10/lib/src.zip!/jdk.internal.vm.compiler.management" type="simple" />
          </root>
        </sourcePath>
      </roots>
    </jdk>
  </component>
</application>