<application>
  <component name="ProjectManager">
    <defaultProject>
      <component name="CompilerConfiguration">
        <bytecodeTargetLevel target="17" />
      </component>
      <component name="MavenImportPreferences">
        <option name="generalSettings">
          <MavenGeneralSettings>
            <option name="customMavenHome" value="E:\develop\apache-maven-3.9.4-bin\apache-maven-3.9.4" />
            <option name="localRepository" value="E:\develop\apache-maven-3.9.4-bin\apache-maven-3.9.4\mvn_repo" />
            <option name="mavenHomeTypeForPersistence" value="CUSTOM" />
            <option name="userSettingsFile" value="E:\develop\apache-maven-3.9.4-bin\apache-maven-3.9.4\conf\settings.xml" />
          </MavenGeneralSettings>
        </option>
      </component>
      <component name="MavenRunner">
        <option name="jreName" value="17" />
      </component>
      <component name="PropertiesComponent"><![CDATA[{
  "keyToString": {
    "settings.editor.selected.configurable": "reference.projectsettings.compiler.javacompiler"
  }
}]]></component>
      <component name="WindowStateProjectService">
        <state x="238" y="13" key="SettingsEditor" timestamp="1752987595130">
          <screen x="0" y="0" width="1707" height="1019" />
        </state>
        <state x="238" y="13" key="SettingsEditor/0.0.1707.1019" timestamp="1752987595130" />
        <state x="555" y="124" width="800" height="895" key="new project wizard" timestamp="1752987643346">
          <screen x="0" y="0" width="1707" height="1019" />
        </state>
        <state x="555" y="124" width="800" height="895" key="new project wizard/0.0.1707.1019" timestamp="1752987643346" />
      </component>
    </defaultProject>
  </component>
</application>