<application>
  <component name="Trusted.Paths">
    <option name="TRUSTED_PROJECT_PATHS">
      <map>
        <entry key="C:\Users\lenovo\IdeaProjects\untitled" value="true" />
        <entry key="D:\BaiduNetdiskDownload\SpringCloud微服务—资料\day02-Docker\资料\hmall" value="true" />
        <entry key="E:\Java-project\test01" value="true" />
        <entry key="E:\boke\aurora" value="true" />
        <entry key="E:\boke\aurora\aurora-springboot" value="true" />
        <entry key="E:\boke\git-v0.1\aurora-master\aurora-springboot" value="true" />
        <entry key="E:\boke\shiyi-blog" value="true" />
        <entry key="E:\boke\shiyi-blog-1.0.0\shiyi-blog-1.0.0\blog" value="true" />
        <entry key="E:\develep\laning\project1" value="true" />
        <entry key="E:\develop\Cloud\hmall" value="true" />
        <entry key="E:\java-code\RuoYi-Vue" value="true" />
        <entry key="E:\java-code\RuoYi-Vue3" value="true" />
        <entry key="E:\java-code\Springboot-web-quickStart" value="true" />
        <entry key="E:\java-code\chat-server" value="true" />
        <entry key="E:\java-code\hmall" value="true" />
        <entry key="E:\java-code\javaseprojectmax" value="true" />
        <entry key="E:\java-code\javaweb-project01" value="true" />
        <entry key="E:\java-code\javaweb-project01\maven-project01" value="true" />
        <entry key="E:\java-code\javaweb-project01\maven-project02" value="true" />
        <entry key="E:\java-code\javaweb-project01\maven-project03" value="true" />
        <entry key="E:\java-code\jdbc-demo" value="true" />
        <entry key="E:\java-code\jdbc-demo01" value="true" />
        <entry key="E:\java-code\juyuwanggoutong" value="true" />
        <entry key="E:\java-code\la-blog" value="true" />
        <entry key="E:\java-code\lan-blog" value="true" />
        <entry key="E:\java-code\laning-ai" value="true" />
        <entry key="E:\java-code\lanx-blog-V0.1" value="true" />
        <entry key="E:\java-code\lei" value="true" />
        <entry key="E:\java-code\math" value="true" />
        <entry key="E:\java-code\mq-demo" value="true" />
        <entry key="E:\java-code\oop" value="true" />
        <entry key="E:\java-code\pintuyouxi" value="true" />
        <entry key="E:\java-code\ruoyi" value="true" />
        <entry key="E:\java-code\ruyu-blog" value="true" />
        <entry key="E:\java-code\shiyi-blog" value="true" />
        <entry key="E:\java-code\shiyi-blog\blog" value="true" />
        <entry key="E:\java-code\sky-take-out" value="true" />
        <entry key="E:\java-code\sky-take-out-cqwm" value="true" />
        <entry key="E:\java-code\springboot-maybatis-quicstart" value="true" />
        <entry key="E:\java-code\springboot-mybatis" value="true" />
        <entry key="E:\java-code\studen" value="true" />
        <entry key="E:\java-code\studentmax" value="true" />
        <entry key="E:\java-code\tianji" value="true" />
        <entry key="E:\java-code\un18" value="true" />
        <entry key="E:\java-code\untitled" value="true" />
        <entry key="E:\java-code\web-AI-project" value="true" />
        <entry key="E:\java-code\web-project1" value="true" />
        <entry key="E:\java-code\webpoject" value="true" />
        <entry key="E:\java-code\ymapi" value="true" />
        <entry key="E:\lands2\dssp" value="true" />
        <entry key="E:\springCloud\domain" value="true" />
        <entry key="E:\springCloud\lands" value="true" />
        <entry key="E:\springCloud\lands1" value="true" />
        <entry key="E:\springCloud\mp-demo" value="true" />
        <entry key="E:\void\ruoyi_demo1" value="true" />
        <entry key="F:\project-java\2026-2-4-java\code2026\springboot" value="true" />
      </map>
    </option>
  </component>
  <component name="Trusted.Paths.Settings">
    <option name="TRUSTED_PATHS">
      <list>
        <option value="E:\java-code" />
      </list>
    </option>
  </component>
</application>