<application>
  <component name="DimensionService">
    <location key="find.popup.0.0.2561.1601@180dpi" x="669" y="173" />
    <size key="GridCell.Tab.0.left.0.0.2561.1601@144dpi" width="1155" height="710" />
    <size key="GridCell.Tab.0.center.0.0.2561.1601@144dpi" width="1155" height="710" />
    <size key="GridCell.Tab.0.right.0.0.2561.1601@144dpi" width="1155" height="710" />
    <size key="GridCell.Tab.0.bottom.0.0.2561.1601@144dpi" width="1155" height="710" />
    <size key="GridCell.Tab.1.left.0.0.2561.1601@144dpi" width="1157" height="441" />
    <size key="GridCell.Tab.1.center.0.0.2561.1601@144dpi" width="1157" height="441" />
    <size key="GridCell.Tab.1.right.0.0.2561.1601@144dpi" width="1157" height="441" />
    <size key="GridCell.Tab.1.bottom.0.0.2561.1601@144dpi" width="1157" height="441" />
    <size key="GridCell.Tab.0.left.0.0.2561.1601@216dpi" width="2375" height="410" />
    <size key="GridCell.Tab.0.center.0.0.2561.1601@216dpi" width="2375" height="410" />
    <size key="GridCell.Tab.0.right.0.0.2561.1601@216dpi" width="2375" height="410" />
    <size key="GridCell.Tab.0.bottom.0.0.2561.1601@216dpi" width="2375" height="410" />
    <size key="GridCell.Tab.0.left.0.0.2561.1601@180dpi" width="2408" height="525" />
    <size key="GridCell.Tab.0.center.0.0.2561.1601@180dpi" width="2408" height="525" />
    <size key="GridCell.Tab.0.right.0.0.2561.1601@180dpi" width="2408" height="525" />
    <size key="GridCell.Tab.0.bottom.0.0.2561.1601@180dpi" width="2408" height="525" />
    <size key="find.popup.0.0.2561.1601@180dpi" width="1166" height="1074" />
    <size key="GridCell.Tab.1.left.0.0.2561.1601@180dpi" width="2408" height="525" />
    <size key="GridCell.Tab.1.center.0.0.2561.1601@180dpi" width="2408" height="525" />
    <size key="GridCell.Tab.1.right.0.0.2561.1601@180dpi" width="2408" height="525" />
    <size key="GridCell.Tab.1.bottom.0.0.2561.1601@180dpi" width="2408" height="525" />
    <size key="GridCell.Tab.2.left.0.0.2561.1601@180dpi" width="2408" height="525" />
    <size key="GridCell.Tab.2.center.0.0.2561.1601@180dpi" width="2408" height="525" />
    <size key="GridCell.Tab.2.right.0.0.2561.1601@180dpi" width="2408" height="525" />
    <size key="GridCell.Tab.2.bottom.0.0.2561.1601@180dpi" width="2408" height="525" />
    <size key="GridCell.Tab.3.left.0.0.2561.1601@180dpi" width="2408" height="525" />
    <size key="GridCell.Tab.3.center.0.0.2561.1601@180dpi" width="2408" height="525" />
    <size key="GridCell.Tab.3.right.0.0.2561.1601@180dpi" width="2408" height="525" />
    <size key="GridCell.Tab.3.bottom.0.0.2561.1601@180dpi" width="2408" height="525" />
    <size key="GridCell.Tab.4.left.0.0.2561.1601@180dpi" width="2408" height="525" />
    <size key="GridCell.Tab.4.center.0.0.2561.1601@180dpi" width="2408" height="525" />
    <size key="GridCell.Tab.4.right.0.0.2561.1601@180dpi" width="2408" height="525" />
    <size key="GridCell.Tab.4.bottom.0.0.2561.1601@180dpi" width="2408" height="525" />
    <size key="GridCell.Tab.5.left.0.0.2561.1601@180dpi" width="2408" height="659" />
    <size key="GridCell.Tab.5.center.0.0.2561.1601@180dpi" width="2408" height="659" />
    <size key="GridCell.Tab.5.right.0.0.2561.1601@180dpi" width="2408" height="659" />
    <size key="GridCell.Tab.5.bottom.0.0.2561.1601@180dpi" width="2408" height="659" />
    <size key="GridCell.Tab.0.right.0.0.2560.1440@150dpi" width="1838" height="295" />
    <size key="GridCell.Tab.0.left.0.0.2560.1440@150dpi" width="1838" height="295" />
    <size key="GridCell.Tab.0.center.0.0.2560.1440@150dpi" width="1838" height="295" />
    <size key="GridCell.Tab.0.bottom.0.0.2560.1440@150dpi" width="1838" height="295" />
    <size key="GridCell.Tab.1.left.0.0.2560.1440@150dpi" width="1838" height="295" />
    <size key="GridCell.Tab.1.center.0.0.2560.1440@150dpi" width="1838" height="295" />
    <size key="GridCell.Tab.1.right.0.0.2560.1440@150dpi" width="1838" height="295" />
    <size key="GridCell.Tab.1.bottom.0.0.2560.1440@150dpi" width="1838" height="295" />
    <size key="GridCell.Tab.2.left.0.0.2560.1440@150dpi" width="1838" height="295" />
    <size key="GridCell.Tab.2.center.0.0.2560.1440@150dpi" width="1838" height="295" />
    <size key="GridCell.Tab.2.right.0.0.2560.1440@150dpi" width="1838" height="295" />
    <size key="GridCell.Tab.2.bottom.0.0.2560.1440@150dpi" width="1838" height="295" />
    <size key="GridCell.Tab.3.left.0.0.2560.1440@150dpi" width="1838" height="295" />
    <size key="GridCell.Tab.3.center.0.0.2560.1440@150dpi" width="1838" height="295" />
    <size key="GridCell.Tab.3.right.0.0.2560.1440@150dpi" width="1838" height="295" />
    <size key="GridCell.Tab.3.bottom.0.0.2560.1440@150dpi" width="1838" height="295" />
    <size key="GridCell.Tab.4.left.0.0.2560.1440@150dpi" width="1838" height="295" />
    <size key="GridCell.Tab.4.center.0.0.2560.1440@150dpi" width="1838" height="295" />
    <size key="GridCell.Tab.4.right.0.0.2560.1440@150dpi" width="1838" height="295" />
    <size key="GridCell.Tab.4.bottom.0.0.2560.1440@150dpi" width="1838" height="295" />
    <size key="GridCell.Tab.5.left.0.0.2560.1440@150dpi" width="2305" height="530" />
    <size key="GridCell.Tab.5.center.0.0.2560.1440@150dpi" width="2305" height="530" />
    <size key="GridCell.Tab.5.right.0.0.2560.1440@150dpi" width="2305" height="530" />
    <size key="GridCell.Tab.5.bottom.0.0.2560.1440@150dpi" width="2305" height="530" />
    <size key="GridCell.Tab.0.left.3200.198.2560.1440@150dpi" width="2433" height="992" />
    <size key="GridCell.Tab.0.center.3200.198.2560.1440@150dpi" width="2433" height="992" />
    <size key="GridCell.Tab.0.right.3200.198.2560.1440@150dpi" width="2433" height="992" />
    <size key="GridCell.Tab.0.bottom.3200.198.2560.1440@150dpi" width="2433" height="992" />
    <size key="GridCell.Tab.1.left.3200.198.2560.1440@150dpi" width="2433" height="992" />
    <size key="GridCell.Tab.1.center.3200.198.2560.1440@150dpi" width="2433" height="992" />
    <size key="GridCell.Tab.1.right.3200.198.2560.1440@150dpi" width="2433" height="992" />
    <size key="GridCell.Tab.1.bottom.3200.198.2560.1440@150dpi" width="2433" height="992" />
    <size key="GridCell.Tab.2.left.3200.198.2560.1440@150dpi" width="2433" height="992" />
    <size key="GridCell.Tab.2.center.3200.198.2560.1440@150dpi" width="2433" height="992" />
    <size key="GridCell.Tab.2.right.3200.198.2560.1440@150dpi" width="2433" height="992" />
    <size key="GridCell.Tab.2.bottom.3200.198.2560.1440@150dpi" width="2433" height="992" />
    <size key="GridCell.Tab.3.left.3200.198.2560.1440@150dpi" width="2433" height="992" />
    <size key="GridCell.Tab.3.center.3200.198.2560.1440@150dpi" width="2433" height="992" />
    <size key="GridCell.Tab.3.right.3200.198.2560.1440@150dpi" width="2433" height="992" />
    <size key="GridCell.Tab.3.bottom.3200.198.2560.1440@150dpi" width="2433" height="992" />
    <size key="GridCell.Tab.4.left.3200.198.2560.1440@150dpi" width="2433" height="992" />
    <size key="GridCell.Tab.4.center.3200.198.2560.1440@150dpi" width="2433" height="992" />
    <size key="GridCell.Tab.4.right.3200.198.2560.1440@150dpi" width="2433" height="992" />
    <size key="GridCell.Tab.4.bottom.3200.198.2560.1440@150dpi" width="2433" height="992" />
    <size key="GridCell.Tab.5.left.3200.198.2560.1440@150dpi" width="2433" height="657" />
    <size key="GridCell.Tab.5.center.3200.198.2560.1440@150dpi" width="2433" height="657" />
    <size key="GridCell.Tab.5.right.3200.198.2560.1440@150dpi" width="2433" height="657" />
    <size key="GridCell.Tab.5.bottom.3200.198.2560.1440@150dpi" width="2433" height="657" />
    <size key="GridCell.Tab.0.left.3200.0.2560.1440@150dpi" width="1953" height="385" />
    <size key="GridCell.Tab.0.center.3200.0.2560.1440@150dpi" width="1953" height="385" />
    <size key="GridCell.Tab.0.right.3200.0.2560.1440@150dpi" width="1953" height="385" />
    <size key="GridCell.Tab.0.bottom.3200.0.2560.1440@150dpi" width="1953" height="385" />
    <size key="GridCell.Tab.1.left.3200.0.2560.1440@150dpi" width="1953" height="385" />
    <size key="GridCell.Tab.1.center.3200.0.2560.1440@150dpi" width="1953" height="385" />
    <size key="GridCell.Tab.1.right.3200.0.2560.1440@150dpi" width="1953" height="385" />
    <size key="GridCell.Tab.1.bottom.3200.0.2560.1440@150dpi" width="1953" height="385" />
    <size key="GridCell.Tab.2.left.3200.0.2560.1440@150dpi" width="1953" height="385" />
    <size key="GridCell.Tab.2.center.3200.0.2560.1440@150dpi" width="1953" height="385" />
    <size key="GridCell.Tab.2.right.3200.0.2560.1440@150dpi" width="1953" height="385" />
    <size key="GridCell.Tab.2.bottom.3200.0.2560.1440@150dpi" width="1953" height="385" />
    <size key="GridCell.Tab.3.left.3200.0.2560.1440@150dpi" width="1953" height="385" />
    <size key="GridCell.Tab.3.center.3200.0.2560.1440@150dpi" width="1953" height="385" />
    <size key="GridCell.Tab.3.right.3200.0.2560.1440@150dpi" width="1953" height="385" />
    <size key="GridCell.Tab.3.bottom.3200.0.2560.1440@150dpi" width="1953" height="385" />
    <size key="GridCell.Tab.4.left.3200.0.2560.1440@150dpi" width="1953" height="385" />
    <size key="GridCell.Tab.4.center.3200.0.2560.1440@150dpi" width="1953" height="385" />
    <size key="GridCell.Tab.4.right.3200.0.2560.1440@150dpi" width="1953" height="385" />
    <size key="GridCell.Tab.4.bottom.3200.0.2560.1440@150dpi" width="1953" height="385" />
    <size key="GridCell.Tab.5.left.3200.0.2560.1440@150dpi" width="1953" height="385" />
    <size key="GridCell.Tab.5.center.3200.0.2560.1440@150dpi" width="1953" height="385" />
    <size key="GridCell.Tab.5.right.3200.0.2560.1440@150dpi" width="1953" height="385" />
    <size key="GridCell.Tab.5.bottom.3200.0.2560.1440@150dpi" width="1953" height="385" />
  </component>
  <component name="WindowManager">
    <frame x="0" y="0" width="798" height="561" extendedState="6" />
  </component>
  <component name="WindowStateApplicationService">
    <state width="561" height="196" key="ShowUsagesActions.dimensionServiceKey" timestamp="1770806615367">
      <screen x="0" y="0" width="1707" height="1019" />
    </state>
    <state width="561" height="196" key="ShowUsagesActions.dimensionServiceKey/0.0.1707.1019" timestamp="1770806615367" />
    <state width="768" height="136" key="ShowUsagesActions.dimensionServiceKey/2560.0.2048.1094/0.0.1707.1019" timestamp="1766151515589" />
  </component>
</application>