<application>
  <component name="Translation.Cache">
    <option name="lastTrimTime" value="1770021444121" />
  </component>
  <component name="Translation.Settings">
    <option name="primaryLanguage" value="CHINESE_SIMPLIFIED" />
    <option name="replacementTranslateLanguageSelection" value="true" />
    <option name="showExplanation" value="true" />
    <option name="ttsSource" value="TRANSLATION" />
  </component>
  <component name="Translation.States">
    <option name="translationDialogCollapseDictViewer" value="false" />
    <option name="translationDialogHeight" value="325" />
    <option name="translationDialogLocationX" value="534" />
    <option name="translationDialogLocationY" value="281" />
    <option name="translationDialogWidth" value="650" />
    <histories>
      <item value="Getting Started" />
      <item value="Java project" />
      <item value="21:49:43.292-[LAPTOP-JT2EJ6V1][f675860dd41c45279c6ed5f8e55461b2] -DEBUG 57480 --- [nio-8090-exec-6] c.tianji.api.client.course.CourseClient : [CourseClientgetSimpleInfoList] &lt;--- ERROR UnknownHostException: course-service (1ms) 21:49:43.294-[LAPTOP-JT2EJ6V1][f675860dd41c45279c6ed5f8e55461b2] -ERROR 57480 --- [nio-8090-exec-6] c.t.c.a.m.advice.CommonExceptionAdvice : feign远程调用异常 -&gt; feign.RetryableException: course-service executing GET http:course-servicecoursessimpleInfolist?ids=2&amp;ids=3&amp;ids=1549025085494521857 at feign.FeignException.errorExecuting(FeignException.java:268) ~[feign-core-11.8.jar:na] at feign.SynchronousMethodHandler.executeAndDecode(SynchronousMethodHandler.java:129) ~[feign-core-11.8.jar:na] at feign.SynchronousMethodHandler.invoke(SynchronousMethodHandler.java:89) ~[feign-core-11.8.jar:na] at com.alibaba.cloud.sentinel.feign.SentinelInvocationHandler.invoke(SentinelInvocationHandler.java:109) ~[spring-cloud-starter-alibaba-sentinel-2021.0.1.0.jar:2021.0.1.0] at com.sun.proxy.Proxy126.getSimpleInfoList(Unknown Source) ~[na:na] at com.tianji.learning.service.impl.LearningLessonServiceImpl.queryMyLessons(LearningLessonServiceImpl.java:101) ~[classes:na] at com.tianji.learning.service.impl.LearningLessonServiceImplFastClassBySpringCGLIB1839c9a.invoke(&lt;generated&gt;) ~[classes:na] at org.springframework.cglib.proxy.MethodProxy.invoke(MethodProxy.java:218) ~[spring-core-5.3.22.jar:5.3.22] at org.springframework.aop.framework.CglibAopProxy.invokeMethod(CglibAopProxy.java:386) ~[spring-aop-5.3.22.jar:5.3.22] at org.springframework.aop.framework.CglibAopProxy.access000(CglibAopProxy.java:85) ~[spring-aop-5.3.22.jar:5.3.22] at org.springframework.aop.framework.CglibAopProxyDynamicAdvisedInterceptor.intercept(CglibAopProxy.java:704) ~[spring-aop-5.3.22.jar:5.3.22] at com.tianji.learning.service.impl.LearningLessonServiceImplEnhancerBySpringCGLIB7207a037.queryMyLessons(&lt;generated&gt;) ~[classes:na] at com.tianji.learning.controller.LearningLessonController.queryMyLesson(LearningLessonController.java:35) ~[classes:na] at java.basejdk.internal.reflect.NativeMethodAccessorImpl.invoke0(Native Method) ~[na:na] at java.basejdk.internal.reflect.NativeMethodAccessorImpl.invoke(NativeMethodAccessorImpl.java:62) ~[na:na] at java.basejdk.internal.reflect.DelegatingMethodAccessorImpl.invoke(DelegatingMethodAccessorImpl.java:43) ~[na:na] at java.basejava.lang.reflect.Method.invoke(Method.java:566) ~[na:na] at org.springframework.web.method.support.InvocableHandlerMethod.doInvoke(InvocableHandlerMethod.java:205) ~[spring-web-5.3.22.jar:5.3.22] at org.springframework.web.method.support.InvocableHandlerMethod.invokeForRequest(InvocableHandlerMethod.java:150) ~[spring-web-5.3.22.jar:5.3.22] at org.springframework.web.servlet.mvc.method.annotation.ServletInvocableHandlerMethod.invokeAndHandle(ServletInvocableHandlerMethod.java:117) ~[spring-webmvc-5.3.22.jar:5.3.22] at org.springframework.web.servlet.mvc.method.annotation.RequestMappingHandlerAdapter.invokeHandlerMethod(RequestMappingHandlerAdapter.java:895) ~[spring-webmvc-5.3.22.jar:5.3.22] at org.springframework.web.servlet.mvc.method.annotation.RequestMappingHandlerAdapter.handleInternal(RequestMappingHandlerAdapter.java:808) ~[spring-webmvc-5.3.22.jar:5.3.22] at org.springframework.web.servlet.mvc.method.AbstractHandlerMethodAdapter.handle(AbstractHandlerMethodAdapter.java:87) ~[spring-webmvc-5.3.22.jar:5.3.22] at org.springframework.web.servlet.DispatcherServlet.doDispatch(DispatcherServlet.java:1070) ~[spring-webmvc-5.3.22.jar:5.3.22] at org.springframework.web.servlet.DispatcherServlet.doService(DispatcherServlet.java:963) ~[spring-webmvc-5.3.22.jar:5.3.22] at org.springframework.web.servlet.FrameworkServlet.processRequest(FrameworkServlet.java:1006) ~[spring-webmvc-5.3.22.jar:5.3.22] at org.springframework.web.servlet.FrameworkServlet.doGet(FrameworkServlet.java:898) ~[spring-webmvc-5.3.22.jar:5.3.22] at javax.servlet.http.HttpServlet.service(HttpServlet.java:655) ~[tomcat-embed-core-9.0.65.jar:4.0.FR] at org.springframework.web.servlet.FrameworkServlet.service(FrameworkServlet.java:883) ~[spring-webmvc-5.3.22.jar:5.3.22] at javax.servlet.http.HttpServlet.service(HttpServlet.java:764) ~[tomcat-embed-core-9.0.65.jar:4.0.FR] at org.apache.catalina.core.ApplicationFilterChain.internalDoFilter(ApplicationFilterChain.java:227) ~[tomcat-embed-core-9.0.65.jar:9.0.65] at org.apache.catalina.core.ApplicationFilterChain.doFilter(ApplicationFilterChain.java:162) ~[tomcat-embed-core-9.0.65.jar:9.0.65] at org.apache.tomcat.websocket.server.WsFilter.doFilter(WsFilter.java:53) ~[tomcat-embed-websocket-9.0.65.jar:9.0.65] at org.apache.catalina.core.ApplicationFilterChain.internalDoFilter(ApplicationFilterChain.java:189) ~[tomcat-embed-core-9.0.65.jar:9.0.65] at org.apache.catalina.core.ApplicationFilterChain.doFilter(ApplicationFilterChain.java:162) ~[tomcat-embed-core-9.0.65.jar:9.0.65] at org.springframework.web.filter.RequestContextFilter.doFilterInternal(RequestContextFilter.java:100) ~[spring-web-5.3.22.jar:5.3.22] at org.springframework.web.filter.OncePerRequestFilter.doFilter(OncePerRequestFilter.java:117) ~[spring-web-5.3.22.jar:5.3.22] at org.apache.catalina.core.ApplicationFilterChain.internalDoFilter(ApplicationFilterChain.java:189) ~[tomcat-embed-core-9.0.65.jar:9.0.65] at org.apache.catalina.core.ApplicationFilterChain.doFilter(ApplicationFilterChain.java:162) ~[tomcat-embed-core-9.0.65.jar:9.0.65] at org.springframework.web.filter.FormContentFilter.doFilterInternal(FormContentFilter.java:93) ~[spring-web-5.3.22.jar:5.3.22] at org.springframework.web.filter.OncePerRequestFilter.doFilter(OncePerRequestFilter.java:117) ~[spring-web-5.3.22.jar:5.3.22] at org.apache.catalina.core.ApplicationFilterChain.internalDoFilter(ApplicationFilterChain.java:189) ~[tomcat-embed-core-9.0.65.jar:9.0.65] at org.apache.catalina.core.ApplicationFilterChain.doFilter(ApplicationFilterChain.java:162) ~[tomcat-embed-core-9.0.65.jar:9.0.65] at org.springframework.web.filter.CharacterEncodingFilter.doFilterInternal(CharacterEncodingFilter.java:201) ~[spring-web-5.3.22.jar:5.3.22] at org.springframework.web.filter.OncePerRequestFilter.doFilter(OncePerRequestFilter.java:117) ~[spring-web-5.3.22.jar:5.3.22] at org.apache.catalina.core.ApplicationFilterChain.internalDoFilter(ApplicationFilterChain.java:189) ~[tomcat-embed-core-9.0.65.jar:9.0.65] at org.apache.catalina.core.ApplicationFilterChain.doFilter(ApplicationFilterChain.java:162) ~[tomcat-embed-core-9.0.65.jar:9.0.65] at com.tianji.common.filters.RequestIdFilter.doFilter(RequestIdFilter.java:26) ~[classes:na] at org.apache.catalina.core.ApplicationFilterChain.internalDoFilter(ApplicationFilterChain.java:189) ~[tomcat-embed-core-9.0.65.jar:9.0.65] at org.apache.catalina.core.ApplicationFilterChain.doFilter(ApplicationFilterChain.java:162) ~[tomcat-embed-core-9.0.65.jar:9.0.65] at org.apache.catalina.core.StandardWrapperValve.invoke(StandardWrapperValve.java:197) ~[tomcat-embed-core-9.0.65.jar:9.0.65] at org.apache.catalina.core.StandardContextValve.invoke(StandardContextValve.java:97) ~[tomcat-embed-core-9.0.65.jar:9.0.65] at org.apache.catalina.authenticator.AuthenticatorBase.invoke(AuthenticatorBase.java:541) ~[tomcat-embed-core-9.0.65.jar:9.0.65] at org.apache.catalina.core.StandardHostValve.invoke(StandardHostValve.java:135) ~[tomcat-embed-core-9.0.65.jar:9.0.65] at org.apache.catalina.valves.ErrorReportValve.invoke(ErrorReportValve.java:92) ~[tomcat-embed-core-9.0.65.jar:9.0.65] at org.apache.catalina.core.StandardEngineValve.invoke(StandardEngineValve.java:78) ~[tomcat-embed-core-9.0.65.jar:9.0.65] at org.apache.catalina.connector.CoyoteAdapter.service(CoyoteAdapter.java:360) ~[tomcat-embed-core-9.0.65.jar:9.0.65] at org.apache.coyote.http11.Http11Processor.service(Http11Processor.java:399) ~[tomcat-embed-core-9.0.65.jar:9.0.65] at org.apache.coyote.AbstractProcessorLight.process(AbstractProcessorLight.java:65) ~[tomcat-embed-core-9.0.65.jar:9.0.65] at org.apache.coyote.AbstractProtocolConnectionHandler.process(AbstractProtocol.java:890) ~[tomcat-embed-core-9.0.65.jar:9.0.65] at org.apache.tomcat.util.net.NioEndpointSocketProcessor.doRun(NioEndpoint.java:1789) ~[tomcat-embed-core-9.0.65.jar:9.0.65] at org.apache.tomcat.util.net.SocketProcessorBase.run(SocketProcessorBase.java:49) ~[tomcat-embed-core-9.0.65.jar:9.0.65] at org.apache.tomcat.util.threads.ThreadPoolExecutor.runWorker(ThreadPoolExecutor.java:1191) ~[tomcat-embed-core-9.0.65.jar:9.0.65] at org.apache.tomcat.util.threads.ThreadPoolExecutorWorker.run(ThreadPoolExecutor.java:659) ~[tomcat-embed-core-9.0.65.jar:9.0.65] at org.apache.tomcat.util.threads.TaskThreadWrappingRunnable.run(TaskThread.java:61) ~[tomcat-embed-core-9.0.65.jar:9.0.65] at java.basejava.lang.Thread.run(Thread.java:829) ~[na:na] Caused by: java.net.UnknownHostException: course-service at java.basejava.net.InetAddressCachedAddresses.get(InetAddress.java:797) ~[na:na] at java.basejava.net.InetAddress.getAllByName0(InetAddress.java:1533) ~[na:na] at java.basejava.net.InetAddress.getAllByName(InetAddress.java:1386) ~[na:na] at java.basejava.net.InetAddress.getAllByName(InetAddress.java:1307) ~[na:na] at org.apache.http.impl.conn.SystemDefaultDnsResolver.resolve(SystemDefaultDnsResolver.java:45) ~[httpclient-4.5.13.jar:4.5.13] at org.apache.http.impl.conn.DefaultHttpClientConnectionOperator.connect(DefaultHttpClientConnectionOperator.java:112) ~[httpclient-4.5.13.jar:4.5.13] at org.apache.http.impl.conn.PoolingHttpClientConnectionManager.connect(PoolingHttpClientConnectionManager.java:376) ~[httpclient-4.5.13.jar:4.5.13] at org.apache.http.impl.execchain.MainClientExec.establishRoute(MainClientExec.java:393) ~[httpclient-4.5.13.jar:4.5.13] at org.apache.http.impl.execchain.MainClientExec.execute(MainClientExec.java:236) ~[httpclient-4.5.13.jar:4.5.13] at org.apache.http.impl.execchain.ProtocolExec.execute(ProtocolExec.java:186) ~[httpclient-4.5.13.jar:4.5.13] at org.apache.http.impl.execchain.RetryExec.execute(RetryExec.java:89) ~[httpclient-4.5.13.jar:4.5.13] at org.apache.http.impl.execchain.RedirectExec.execute(RedirectExec.java:110) ~[httpclient-4.5.13.jar:4.5.13] at org.apache.http.impl.client.InternalHttpClient.doExecute(InternalHttpClient.java:185) ~[httpclient-4.5.13.jar:4.5.13] at org.apache.http.impl.client.CloseableHttpClient.execute(CloseableHttpClient.java:83) ~[httpclient-4.5.13.jar:4.5.13] at org.apache.http.impl.client.CloseableHttpClient.execute(CloseableHttpClient.java:108) ~[httpclient-4.5.13.jar:4.5.13] at org.apache.http.impl.client.CloseableHttpClient.execute(CloseableHttpClient.java:56) ~[httpclient-4.5.13.jar:4.5.13] at feign.httpclient.ApacheHttpClient.execute(ApacheHttpClient.java:83) ~[feign-httpclient-11.8.jar:na] at org.springframework.cloud.openfeign.loadbalancer.LoadBalancerUtils.executeWithLoadBalancerLifecycleProcessing(LoadBalancerUtils.java:57) ~[spring-cloud-openfeign-core-3.1.3.jar:3.1.3] at org.springframework.cloud.openfeign.loadbalancer.RetryableFeignBlockingLoadBalancerClient.lambdaexecute2(RetryableFeignBlockingLoadBalancerClient.java:167) ~[spring-cloud-openfeign-core-3.1.3.jar:3.1.3] at org.springframework.retry.support.RetryTemplate.doExecute(RetryTemplate.java:329) ~[spring-retry-1.3.3.jar:na] at org.springframework.retry.support.RetryTemplate.execute(RetryTemplate.java:225) ~[spring-retry-1.3.3.jar:na] at org.springframework.cloud.openfeign.loadbalancer.RetryableFeignBlockingLoadBalancerClient.execute(RetryableFeignBlockingLoadBalancerClient.java:113) ~[spring-cloud-openfeign-core-3.1.3.jar:3.1.3] at feign.SynchronousMethodHandler.executeAndDecode(SynchronousMethodHandler.java:119) ~[feign-core-11.8.jar:na] ... 64 common frames omitted" />
      <item value="IMPORTANT: This plugin requires Claude Code to be installed separately. For more information, see claude.comclaude-code. Integrate Claude Code with your favorite development environment. Features include: Diff viewing: Open file diffs in the IDE diff viewer for reviewing and modifying proposed changes Selection context: The current selection in the IDE is automatically shared with Claude Code File reference shortcuts: Use Cmd+Option+K (Mac) or Ctrl+Alt+K (LinuxWindows) to insert file references (e.g., @FileL1-99) Diagnostics sharing: Squiggly errors and warnings are shared with Claude Code in real-time Please see the official documentation for the latest information and troubleshooting tips." />
      <item value="order" />
      <item value="student count list" />
      <item value="course" />
      <item value="course ids" />
      <item value="order id" />
      <item value="REFUND" />
      <item value="refund" />
      <item value="Listener" />
      <item value="spring rabbit listener" />
      <item value="item client fallback factory" />
      <item value="thread local" />
      <item value="Filter" />
      <item value="Interceptor" />
      <item value="info" />
      <item value="user info interceptor" />
      <item value="set complete" />
      <item value="UNAUTHORIZED" />
      <item value="unauthorized exception" />
      <item value="Long userId = jwtTool.parseToken(token);" />
      <item value="Client" />
    </histories>
    <option name="languageScores">
      <map>
        <entry key="CHINESE_SIMPLIFIED" value="19" />
        <entry key="ENGLISH" value="20" />
      </map>
    </option>
  </component>
</application>